Income,spending,totalTransaction,incomeCategory,Cluster KM
129.6649528592827,50,5,0.0,0
253.35942848056789,825,21,2.0,1
268.2703859914471,1086,16,2.0,1
170.84203229884616,34,4,0.0,0
66.5432190384565,359,25,0.0,0
299.81827829537013,836,25,2.0,1
286.38086528258134,1511,21,2.0,1
220.89363956438402,54,4,1.0,0
278.53725065060866,1149,18,2.0,1
183.20480343047777,71,5,0.0,0
195.66553094502873,10,3,1.0,0
280.75790282732913,895,28,2.0,1
189.90787240133042,74,6,1.0,0
123.50303639992015,29,4,0.0,0
239.12967193554212,610,17,1.0,0
220.8823216103996,680,17,1.0,0
194.35534466538346,473,12,1.0,0
284.96491012052695,2009,18,2.0,1
285.1666179622012,928,17,2.0,1
280.8932181452589,734,17,2.0,1
307.6393992972942,2211,21,2.0,1
229.37741824338332,990,14,1.0,1
150.6685103132038,24,4,0.0,0
168.6030841948035,52,5,0.0,0
182.42532718896246,16,3,0.0,0
240.55560687707947,612,18,1.0,0
220.8325157217569,63,6,1.0,0
204.3746559630132,521,16,1.0,0
130.3955520713801,38,6,0.0,0
255.9804680048851,506,16,2.0,0
171.88077263033233,63,6,0.0,0
260.1538006641456,606,18,2.0,0
235.12124531824,235,10,1.0,0
226.67487730227185,109,6,1.0,0
94.55157322858251,101,7,0.0,0
255.6403723984144,405,14,2.0,0
239.240464804765,121,7,1.0,0
227.92103895867095,311,11,1.0,0
246.65563038373966,1250,16,2.0,1
294.6794869005985,557,22,2.0,0
200.58165419599072,149,8,1.0,0
150.6054447886928,95,7,0.0,0
168.6030841948035,52,5,0.0,0
233.647169895122,519,16,1.0,0
143.48170615099335,25,4,0.0,0
212.60997154413994,147,7,1.0,0
218.36208462093413,521,15,1.0,0
304.23017601809323,1263,21,2.0,1
252.86953157705656,1106,16,2.0,1
137.44089638822936,35,3,0.0,0
284.6945731832625,1501,22,2.0,1
216.790221181676,377,13,1.0,0
268.0540990173439,1149,16,2.0,1
196.24729297496054,324,12,1.0,0
223.4099371111321,874,22,1.0,1
211.92215551942652,215,9,1.0,0
268.98698853290284,1228,18,2.0,1
237.02531510368254,393,13,1.0,0
255.58560209839678,544,17,2.0,0
159.03773137214955,37,4,0.0,0
274.6506872374435,1188,17,2.0,1
218.105479069188,121,6,1.0,0
262.8383533657141,1586,23,2.0,1
199.20843355641347,81,5,1.0,0
294.4792013029104,1270,16,2.0,1
282.2924015980593,1315,26,2.0,1
253.17977802344325,546,17,2.0,0
232.5037634104016,662,18,1.0,0
236.54597861726586,518,16,1.0,0
260.9923370522591,930,23,2.0,1
245.82920900495125,401,14,2.0,0
226.14375958668415,157,8,1.0,0
152.4073489041785,121,7,0.0,0
193.22008177205598,62,7,1.0,0
251.67836617397214,1101,16,2.0,1
235.28068344001383,727,19,1.0,1
178.4908961263851,20,3,0.0,0
268.0540990173439,1149,16,2.0,1
292.7387914165118,1313,19,2.0,1
286.08215603214404,1643,26,2.0,1
192.45778757951052,316,11,1.0,0
122.76807402578245,53,7,0.0,0
141.37185009753534,22,3,0.0,0
240.63665556186572,401,14,1.0,0
285.9038299848395,1572,19,2.0,1
196.5197191123578,318,10,1.0,0
307.2197910291588,2302,18,2.0,1
174.7512517837855,367,13,0.0,0
233.3452377915607,684,19,1.0,0
263.1862458412293,1635,12,2.0,1
188.94708253900086,46,4,1.0,0
116.92732785794773,25,4,0.0,0
292.58503037578663,1956,22,2.0,1
265.2112365643658,576,16,2.0,0
197.05075488310112,99,7,1.0,0
208.4754182151939,240,10,1.0,0
247.61663918242652,1008,22,2.0,1
245.9146193295551,1180,24,2.0,1
250.41964779146224,606,18,2.0,0
224.27661492005805,270,11,1.0,0
162.2528890343713,18,3,0.0,0
201.36533961930985,120,7,1.0,0
194.20607611503817,188,8,1.0,0
216.23366990364843,1143,15,1.0,1
156.7482057313576,193,8,0.0,0
229.8804036885267,936,22,1.0,1
215.45997308084858,92,6,1.0,0
260.2229813064173,1016,24,2.0,1
310.72013130790225,809,21,2.0,1
284.5171348091359,1213,22,2.0,1
253.96259567109485,1804,24,2.0,1
214.70444802099468,120,7,1.0,0
165.03938923784224,57,6,0.0,0
240.8837894089181,470,15,1.0,0
260.94443853050404,1281,18,2.0,1
267.33125518726763,1230,18,2.0,1
209.32032868309759,79,5,1.0,0
265.40535036053814,1572,22,2.0,1
169.07690557849702,78,6,0.0,0
271.6744375166718,849,21,2.0,1
207.50180722104568,266,11,1.0,0
86.60254037844386,100,6,0.0,0
122.09013064126027,66,6,0.0,0
192.9637271613502,61,4,1.0,0
269.1839519733671,1047,15,2.0,1
209.24387685186872,629,16,1.0,0
196.06886545293213,38,4,1.0,0
232.0732642938432,915,13,1.0,1
150.02333151880077,570,16,0.0,0
210.13091157656933,46,4,1.0,0
291.67104758614624,1423,17,2.0,1
286.6531004541901,1908,18,2.0,1
86.60254037844386,15,3,0.0,0
96.2029105588807,22,4,0.0,0
196.40773915505468,41,4,1.0,0
285.03683972427143,1379,16,2.0,1
204.23760672314978,174,8,1.0,0
208.77260356665576,132,7,1.0,0
267.06179060284904,1305,26,2.0,1
199.4166492547701,485,15,1.0,0
183.19934497699495,51,6,0.0,0
282.7383949873098,984,15,2.0,1
204.0539144441978,441,13,1.0,0
249.9319907494837,889,21,2.0,1
172.2556240010758,25,3,0.0,0
197.4791128195587,54,5,1.0,0
232.08403650402153,473,15,1.0,0
234.4866733953126,358,13,1.0,0
163.94206293688023,268,10,0.0,0
253.86807597648036,805,20,2.0,1
250.80869203438704,622,17,2.0,0
259.3684637730655,733,20,2.0,1
192.17179813906097,297,11,1.0,0
225.85836269662454,209,9,1.0,0
241.51604501564694,1064,23,1.0,1
169.0177505470949,46,5,0.0,0
104.7807234180028,30,6,0.0,0
150.24646418468555,37,5,0.0,0
226.67487730227185,21,3,1.0,0
237.31835158706122,702,18,1.0,0
207.70170918892313,235,10,1.0,0
284.5733648815363,1191,27,2.0,1
266.33062159654116,909,20,2.0,1
273.9196962615138,1215,18,2.0,1
164.8939052845799,18,3,0.0,0
234.26480742954115,795,19,1.0,1
281.3289889080043,564,17,2.0,0
184.68622038473796,22,3,1.0,0
248.84332420219755,126,7,2.0,0
264.1192912303075,1029,15,2.0,1
226.67487730227185,18,3,1.0,0
201.12433965087368,49,4,1.0,0
205.91988733485653,42,4,1.0,0
279.3349244186985,528,19,2.0,0
243.52412611484718,1048,25,2.0,1
263.9583300447251,845,22,2.0,1
139.5886814895821,10,3,0.0,0
104.7807234180028,30,6,0.0,0
284.3800274280878,1336,18,2.0,1
171.16658552416123,11,3,0.0,0
114.38531374263044,29,4,0.0,0
286.41229023908875,1234,17,2.0,1
253.91730937452846,823,20,2.0,1
162.14191315017842,77,6,0.0,0
202.842303280159,13,3,1.0,0
187.7391807801451,62,7,1.0,0
314.2880844066475,2008,19,2.0,1
275.8278448597966,1033,13,2.0,1
224.01562445508125,231,10,1.0,0
169.82049346295045,32,5,0.0,0
294.2957695924289,1603,17,2.0,1
266.1371826708925,431,14,2.0,0
250.6132478541388,819,20,2.0,1
283.59654440772016,1835,27,2.0,1
286.7472754883645,902,20,2.0,1
135.0074072041975,28,3,0.0,0
186.01075237738274,318,12,1.0,0
176.0454486773231,43,4,0.0,0
177.58096744865423,51,4,0.0,0
266.0394707557508,787,20,2.0,1
230.44088178966857,1085,23,1.0,1
130.83195328359201,128,7,0.0,0
221.24194900605988,902,22,1.0,1
224.76654555338078,135,7,1.0,0
190.11838417154718,172,8,1.0,0
186.09943578635588,15,3,1.0,0
184.38004230393267,71,5,0.0,0
226.15923593786746,315,12,1.0,0
242.16936222404354,140,7,1.0,0
268.90332835426193,1931,19,2.0,1
289.68431093174513,1587,20,2.0,1
216.8524844220144,20,3,1.0,0
216.58716490133943,68,5,1.0,0
283.06183070135046,1495,18,2.0,1
234.5165239380799,455,15,1.0,0
202.78066969018522,81,6,1.0,0
233.67284823016988,227,10,1.0,0
256.4137281816245,545,16,2.0,0
225.0866499817348,561,15,1.0,0
259.70175201565354,1174,27,2.0,1
264.6582702278544,1504,22,2.0,1
230.89391503458899,278,11,1.0,0
240.7426011324128,637,18,1.0,0
217.60744472558838,225,10,1.0,0
254.13972534808485,108,6,2.0,0
217.53160689885965,414,14,1.0,0
293.98809499705936,1449,18,2.0,1
196.45101170520857,177,8,1.0,0
270.00925910049824,1515,19,2.0,1
185.04594024187614,15,3,1.0,0
268.7526744052978,1250,21,2.0,1
271.89336144893275,1580,23,2.0,1
172.2556240010758,25,3,0.0,0
185.52897347853784,30,3,1.0,0
161.95060975494968,25,3,0.0,0
262.0209915254883,1538,20,2.0,1
216.1804801548928,330,12,1.0,0
206.3637565077744,252,11,1.0,0
204.10291521680918,72,4,1.0,0
161.52708751166165,89,6,0.0,0
234.1004058091314,693,17,1.0,0
252.9268669002959,1269,19,2.0,1
198.3834670530788,23,3,1.0,0
292.37817976039184,1383,18,2.0,1
174.81418706729727,31,4,0.0,0
278.5857139194327,1680,15,2.0,1
165.6804152578089,143,6,0.0,0
178.4908961263851,48,4,0.0,0
220.67849917923584,40,4,1.0,0
284.05105174950506,1004,20,2.0,1
243.00617276110498,491,15,2.0,0
264.91319332943766,1034,23,2.0,1
189.53627621117812,34,4,1.0,0
244.26624818013642,1027,13,2.0,1
301.55099071301356,1685,14,2.0,1
175.59328005365126,28,4,0.0,0
246.14020394888763,736,20,2.0,1
151.5882581204758,115,7,0.0,0
278.0233803118004,789,21,2.0,1
41.593268686170845,8,0,0.0,0
196.09181522949905,72,6,1.0,0
243.4994866524363,507,16,2.0,0
153.10780515702,27,4,0.0,0
198.6277926172468,55,5,1.0,0
199.80490484470096,156,7,1.0,0
243.88726904043187,461,14,2.0,0
182.87700784953805,18,3,0.0,0
287.22290994974617,1919,18,2.0,1
214.72540604222874,125,6,1.0,0
308.0113634267411,1078,17,2.0,1
265.69907790581436,968,20,2.0,1
174.81418706729727,31,4,0.0,0
255.15485494107298,1053,15,2.0,1
161.11796920269322,56,5,0.0,0
267.6060537431842,776,20,2.0,1
253.3298245371042,1826,25,2.0,1
226.4663330387102,182,8,1.0,0
189.805163259591,61,5,1.0,0
289.01903051529325,1853,14,2.0,1
280.9466141458195,943,23,2.0,1
195.3944727979786,90,7,1.0,0
150.28306624500314,81,4,0.0,0
296.8113879216901,844,19,2.0,1
86.60254037844386,36,5,0.0,0
178.2918954972435,60,7,0.0,0
172.5108692227826,165,8,0.0,0
247.13154391942766,1102,24,2.0,1
163.91461191730284,14,3,0.0,0
216.57331322210499,253,10,1.0,0
226.26312116648617,564,16,1.0,0
257.47621249350397,967,12,2.0,1
213.7381575666825,28,3,1.0,0
161.7096162879623,28,4,0.0,0
275.4360179787676,1242,18,2.0,1
171.21623754772793,48,6,0.0,0
227.08808863522543,467,15,1.0,0
176.52195330892982,64,5,0.0,0
216.61717383439384,369,13,1.0,0
250.68905041904003,1178,17,2.0,1
300.37643050013094,2352,23,2.0,1
211.19185590358356,292,11,1.0,0
112.12047092302102,53,7,0.0,0
261.5282011562042,1416,20,2.0,1
193.37786843379985,39,4,1.0,0
220.64904259932786,20,3,1.0,0
255.36248745655655,731,20,2.0,1
291.3863414781139,1631,23,2.0,1
281.4338288123871,895,15,2.0,1
243.12753854715842,869,20,2.0,1
268.451112867874,1792,16,2.0,1
174.27564373715566,44,5,0.0,0
244.72842090774827,87,6,2.0,0
233.86534587236306,929,23,1.0,1
279.03942373793706,1291,19,2.0,1
184.46137807140008,76,6,0.0,0
137.58270240113762,85,5,0.0,0
258.52466033243326,1033,23,2.0,1
182.90981384277882,36,4,0.0,0
214.21717951648975,46,4,1.0,0
210.52790788871673,92,6,1.0,0
247.5600937146373,608,16,2.0,0
174.70546642850076,326,12,0.0,0
300.0,1479,17,2.0,1
235.31893251500185,162,8,1.0,0
209.8833009079093,171,8,1.0,0
248.80715423797605,231,10,2.0,0
219.63606261267753,882,22,1.0,1
213.91353393369013,68,5,1.0,0
261.3732962641746,1211,27,2.0,1
149.42222056976667,24,4,0.0,0
219.49487465542333,254,10,1.0,0
278.6072504440615,714,20,2.0,0
182.14829123546562,49,4,0.0,0
154.1525218736301,42,4,0.0,0
229.19642231064603,794,19,1.0,1
254.85289874749316,966,23,2.0,1
158.66946776238962,13,3,0.0,0
97.71386800244886,29,4,0.0,0
267.1460274830977,777,16,2.0,1
267.63034207652913,1305,18,2.0,1
148.35767590522573,33,5,0.0,0
190.48097017812566,29,4,1.0,0
190.52821313390834,78,6,1.0,0
208.0120188835251,19,3,1.0,0
287.3517008823856,1686,24,2.0,1
238.9560629069704,409,12,1.0,0
158.90877886385007,18,3,0.0,0
287.74989139876317,1315,25,2.0,1
215.45997308084858,92,6,1.0,0
196.09181522949905,72,6,1.0,0
181.01104938649465,46,6,0.0,0
276.64417579265967,820,21,2.0,1
226.67487730227185,721,18,1.0,1
212.1061055226841,369,11,1.0,0
222.33083456866706,365,13,1.0,0
253.00988122996304,444,15,2.0,0
262.94295959390126,227,10,2.0,0
258.03488136296613,1288,19,2.0,1
292.9914674525523,1958,19,2.0,1
216.45784809056934,263,9,1.0,0
185.9516066077408,8,3,1.0,0
185.41844568434934,175,8,1.0,0
211.3977294107011,34,4,1.0,0
254.14562754452416,1338,23,2.0,1
264.91319332943766,1034,23,2.0,1
134.79243302203577,21,3,0.0,0
259.89613309935953,2126,19,2.0,1
272.52155878021836,892,12,2.0,1
205.33387445816143,145,7,1.0,0
303.58359639479863,2086,21,2.0,1
263.1786465502093,568,17,2.0,0
149.26486525636233,13,3,0.0,0
292.7165864791403,1789,16,2.0,1
278.27504379660064,1125,22,2.0,1
277.55539987541226,1123,26,2.0,1
139.44174410842686,54,7,0.0,0
190.07893097342483,488,15,1.0,0
216.8524844220144,415,14,1.0,0
175.41949720598336,20,3,0.0,0
226.67487730227185,186,8,1.0,0
196.99746191258404,246,10,1.0,0
182.69646958822165,99,6,0.0,0
182.34308322500198,112,6,0.0,0
185.8870624868767,55,5,1.0,0
200.85815890822062,218,10,1.0,0
176.0454486773231,43,4,0.0,0
248.11086231763414,530,16,2.0,0
228.9388564660879,910,22,1.0,1
234.85740354521508,418,14,1.0,0
280.43180989324304,1816,17,2.0,1
226.67487730227185,1679,1,1.0,1
186.64940396368803,170,7,1.0,0
125.94443219134381,36,4,0.0,0
223.63810051062407,396,13,1.0,0
150.91388272786568,15,3,0.0,0
246.35137507227356,639,18,2.0,0
263.86928582159766,861,21,2.0,1
285.2384967005681,778,26,2.0,1
266.69833145334826,1615,24,2.0,1
247.34591162984682,704,16,2.0,0
260.357446599862,1156,15,2.0,1
182.34308322500198,112,6,0.0,0
255.01176443450603,863,26,2.0,1
164.9333198598755,64,4,0.0,0
250.6132478541388,819,20,2.0,1
196.8273354999249,61,5,1.0,0
223.86603136697627,66,5,1.0,0
194.3193248238579,54,5,1.0,0
191.7837323653912,63,5,1.0,0
256.25182926176353,945,23,2.0,1
149.34523762075577,18,3,0.0,0
179.72200755611428,39,4,0.0,0
197.9646433078392,133,7,1.0,0
86.60254037844386,57,6,0.0,0
816.4961726793335,62,7,2.0,0
235.42302351299458,877,21,1.0,1
184.2688253612097,270,11,0.0,0
238.14911295236857,1020,14,1.0,1
283.4783942384322,2231,13,2.0,1
287.15849282234365,974,14,2.0,1
150.24646418468555,37,5,0.0,0
311.2490963842305,1941,23,2.0,1
219.10271563812256,41,4,1.0,0
191.47584704082132,35,5,1.0,0
301.40006635699336,1424,26,2.0,1
278.1762031518872,1121,24,2.0,1
282.1223138994858,1366,18,2.0,1
221.56263222845138,688,18,1.0,0
206.56718035544756,241,10,1.0,0
226.64730309447762,576,14,1.0,0
196.72823894906395,109,7,1.0,0
238.43238035132728,63,5,1.0,0
185.3375299285064,48,4,1.0,0
263.41791890454226,797,21,2.0,1
239.0313786932586,642,17,1.0,0
222.79587069782062,39,4,1.0,0
270.00555549840084,2013,20,2.0,1
178.54411219639812,70,5,0.0,0
123.75378782081783,64,6,0.0,0
188.91267824050348,211,9,1.0,0
201.19393629033655,15,3,1.0,0
286.23242304113626,2053,18,2.0,1
289.53238160868983,1862,17,2.0,1
195.8596436226718,137,7,1.0,0
205.70610102765548,270,9,1.0,0
256.29085040242853,769,20,2.0,1
203.31010796318023,187,9,1.0,0
283.43605980891,1052,24,2.0,1
168.58232410309213,13,3,0.0,0
174.32727841620198,80,5,0.0,0
248.98995963692994,1230,18,2.0,1
282.68003113060536,1772,18,2.0,1
193.67240381634136,123,7,1.0,0
267.25830202259385,614,18,2.0,0
255.9804680048851,506,16,2.0,0
226.65612720595047,393,11,1.0,0
143.1467778191322,30,3,0.0,0
134.98888843160387,67,5,0.0,0
238.61894308709023,561,16,1.0,0
183.56742630434192,28,3,0.0,0
256.32791498391276,817,22,2.0,1
279.4512479843309,1105,16,2.0,1
228.7618849371547,259,11,1.0,0
189.59430371189953,11,3,1.0,0
201.2982861327935,21,3,1.0,0
274.3683655234328,930,22,2.0,1
230.62306909760784,267,11,1.0,0
272.91940202191563,1734,25,2.0,1
248.99799195977465,1020,25,2.0,1
205.90046138850684,182,8,1.0,0
185.70675808919825,103,6,1.0,0
161.9382598399773,63,6,0.0,0
204.97316897584426,436,14,1.0,0
174.0086204761132,37,4,0.0,0
262.3070719595642,283,11,2.0,0
279.3581930067561,1319,17,2.0,1
251.41797867296603,1173,18,2.0,1
126.51086909827156,103,5,0.0,0
137.58270240113762,85,5,0.0,0
183.2184488527288,63,4,0.0,0
143.38409953687332,53,5,0.0,0
257.8294009611782,1013,24,2.0,1
275.80427842946887,1376,9,2.0,1
259.6516897691983,1471,21,2.0,1
259.81916788412667,331,11,2.0,0
267.7517506945566,1192,16,2.0,1
188.95502110290693,94,6,1.0,0
311.19607966682355,1544,27,2.0,1
284.8999824499819,1193,17,2.0,1
193.39338147930502,48,5,1.0,0
229.27930565142594,95,6,1.0,0
258.52466033243326,1033,23,2.0,1
265.9191606484948,1477,19,2.0,1
142.92305622257032,10,3,0.0,0
241.47049509205053,900,11,1.0,1
235.4442609196495,882,21,1.0,1
279.0734670297411,818,11,2.0,1
241.89253812385365,1171,15,1.0,1
241.83051916579925,731,20,1.0,1
255.09410028458126,900,13,2.0,1
131.36209498938422,62,5,0.0,0
153.82132491953124,23,4,0.0,0
146.54009690183776,91,6,0.0,0
175.01428513124293,52,5,0.0,0
244.6793820492442,1194,25,2.0,1
211.64593074283286,65,5,1.0,0
271.48664792214,1695,23,2.0,1
189.20095137181525,68,5,1.0,0
273.50685548994926,965,14,2.0,1
181.7663335164133,78,6,0.0,0
189.83677199109766,47,6,1.0,0
254.58397435816732,745,19,2.0,1
226.67487730227185,46,5,1.0,0
255.906232827573,963,13,2.0,1
277.53738486913795,1175,17,2.0,1
263.14444702482325,843,21,2.0,1
264.35203800992343,1478,19,2.0,1
275.50499088038316,901,21,2.0,1
194.20865068271289,25,3,1.0,0
184.8675201326615,28,4,1.0,0
231.63117234085743,1210,26,1.0,1
186.29009635512028,40,4,1.0,0
251.4875742457269,772,21,2.0,1
246.07722365143832,811,21,2.0,1
170.985379491932,99,7,0.0,0
221.0814329607984,144,7,1.0,0
242.7282431032697,282,11,1.0,0
212.30167215544958,284,11,1.0,0
138.2280724020993,46,4,0.0,0
176.01988524027618,167,7,0.0,0
201.46960068456977,258,10,1.0,0
130.93509842666327,47,7,0.0,0
195.4405280385826,40,4,1.0,0
198.87684631449685,384,13,1.0,0
175.3653329481058,81,5,0.0,0
264.44281045246817,1662,21,2.0,1
188.89679722006935,57,5,1.0,0
181.30361276047424,43,4,0.0,0
289.5582842883277,1574,19,2.0,1
206.6180050237636,358,12,1.0,0
250.63918289046507,976,13,2.0,1
129.04650324592293,69,6,0.0,0
303.88155587333694,1899,20,2.0,1
221.17413953715294,62,5,1.0,0
298.52973051272465,1924,18,2.0,1
162.18507946170635,16,3,0.0,0
265.7385933582098,1280,13,2.0,1
164.62077633154328,37,4,0.0,0
207.4849392124643,76,6,1.0,0
309.0776601438545,1990,17,2.0,1
183.25119372053214,17,3,0.0,0
231.03679360655957,793,19,1.0,1
246.84813144927793,873,21,2.0,1
285.2384967005681,778,26,2.0,1
243.62676371860297,459,15,2.0,0
258.32344067079936,1029,13,2.0,1
82.67405880927826,137,1,0.0,0
173.20219398148512,160,8,0.0,0
235.8707273062938,590,17,1.0,0
166.0511969243221,244,10,0.0,0
307.2197910291588,2302,18,2.0,1
289.5582842883277,1574,19,2.0,1
242.24780700761772,813,20,1.0,1
214.29185705481206,199,9,1.0,0
231.92671256239544,542,17,1.0,0
127.46764295302553,57,6,0.0,0
396.53877490101775,1608,22,2.0,1
198.06059678795276,20,3,1.0,0
238.31911379492834,1001,24,1.0,1
259.09650711655684,976,23,2.0,1
280.98398530877165,2092,19,2.0,1
225.54378732299412,63,5,1.0,0
268.85311975128724,1331,21,2.0,1
225.60585098795642,859,20,1.0,1
283.09185788362055,2091,21,2.0,1
224.4727154912151,372,13,1.0,0
262.70896444544866,1533,30,2.0,1
136.91603266235842,64,6,0.0,0
284.98596456667826,1157,21,2.0,1
203.31010796318023,187,9,1.0,0
165.09088406087116,37,4,0.0,0
134.5362404707371,14,3,0.0,0
286.56936333111395,1382,25,2.0,1
178.62530615789018,449,13,0.0,0
237.85499784532593,542,17,1.0,0
232.32950738121923,907,22,1.0,1
193.1113668327165,460,14,1.0,0
190.09997369805183,151,8,1.0,0
255.9042789794653,1169,14,2.0,1
272.48853186877426,1158,17,2.0,1
234.43335940091802,1232,18,1.0,1
257.62957904712727,606,16,2.0,0
277.4851347369801,1910,27,2.0,1
165.05756571572235,101,6,0.0,0
218.9931505778206,407,14,1.0,0
293.32064366491494,730,24,2.0,1
275.24352853427814,2486,25,2.0,1
268.26106687329786,1870,16,2.0,1
243.02674749911787,71,5,2.0,0
191.66637681137502,17,3,1.0,0
155.63097378092831,55,5,0.0,0
285.9982517429084,1382,22,2.0,1
137.58270240113762,85,5,0.0,0
250.33976911389848,825,21,2.0,1
175.01714201757494,70,6,0.0,0
102.0,43,5,0.0,0
297.23223243787004,2116,20,2.0,1
233.8589318371227,198,9,1.0,0
196.5197191123578,318,10,1.0,0
137.79695207079146,16,4,0.0,0
228.45130772223652,77,6,1.0,0
252.81416099577967,789,21,2.0,1
266.3662891583693,1198,16,2.0,1
153.41447128612086,10,3,0.0,0
121.85647295076286,65,6,0.0,0
181.7663335164133,78,6,0.0,0
278.1060948630936,1134,16,2.0,1
203.4969287237525,139,7,1.0,0
196.3338992634741,22,3,1.0,0
195.98469327985796,534,16,1.0,0
261.7002101642259,1366,29,2.0,1
304.8852243058033,1778,22,2.0,1
263.38564881177564,1381,20,2.0,1
256.31035874501833,656,19,2.0,0
213.4923886231076,183,9,1.0,0
63.42712353559792,9,0,0.0,0
128.57293649909377,44,6,0.0,0
148.6875919503709,31,5,0.0,0
225.22211259110415,586,17,1.0,0
286.93553282924023,2006,20,2.0,1
184.3529224069963,44,4,0.0,0
121.63880959627976,51,4,0.0,0
255.38206671573477,1282,19,2.0,1
285.6116244132931,1798,17,2.0,1
177.15812146215595,27,3,0.0,0
235.02978534645348,779,23,1.0,1
242.16936222404354,140,7,1.0,0
210.4756517984919,42,4,1.0,0
247.1113109511582,1080,23,2.0,1
150.91388272786568,15,3,0.0,0
101.21758740456127,41,5,0.0,0
255.15877409957903,973,24,2.0,1
288.3591510599239,2346,22,2.0,1
271.4534950963056,1627,21,2.0,1
301.0614555202974,2525,17,2.0,1
267.9477561018192,960,16,2.0,1
251.31454394841538,1797,16,2.0,1
226.67487730227185,1611,23,1.0,1
290.02930886377675,1566,23,2.0,1
186.0,23,3,1.0,0
237.17714898362362,597,18,1.0,0
232.61771213731768,388,13,1.0,0
188.90209104189398,30,4,1.0,0
258.00193797721755,1065,15,2.0,1
164.9696941865384,102,7,0.0,0
296.26170862938056,1957,19,2.0,1
182.92621463311374,54,5,0.0,0
268.4604253889202,1338,17,2.0,1
229.67368155711702,860,21,1.0,1
226.10616975217638,43,4,1.0,0
262.86498435508673,2440,24,2.0,1
242.06817221601025,733,20,1.0,1
184.53454961063525,103,6,1.0,0
265.5466060788577,1258,16,2.0,1
223.08518552337804,692,17,1.0,0
282.1471247416851,1923,15,2.0,1
205.53101955665963,55,5,1.0,0
289.5582842883277,1574,19,2.0,1
196.57822870297719,49,5,1.0,0
239.44310388900325,1662,22,1.0,1
202.58084805825055,467,14,1.0,0
250.54340941242097,946,22,2.0,1
233.2080616102282,470,15,1.0,0
284.18831784575525,1415,22,2.0,1
218.65040589946318,224,8,1.0,0
304.72774734178705,2077,21,2.0,1
148.1721971221322,55,6,0.0,0
264.1117187858199,894,21,2.0,1
152.1446679972716,37,5,0.0,0
259.7537295208675,414,13,2.0,0
156.09932735281083,24,3,0.0,0
144.99655168313487,84,6,0.0,0
126.54643416548726,38,6,0.0,0
235.05318547086316,903,22,1.0,1
226.74214429611447,195,9,1.0,0
249.899979991996,995,14,2.0,1
226.67487730227185,19,3,1.0,0
221.14248800264502,371,13,1.0,0
232.61126369976154,747,19,1.0,1
274.7853707896401,1440,20,2.0,1
290.16547003391014,1237,19,2.0,1
168.49035580709062,28,3,0.0,0
278.16541841141935,661,19,2.0,0
139.35207210515387,70,7,0.0,0
253.62373705944796,1307,18,2.0,1
189.40960904874916,129,7,1.0,0
131.61686821984483,46,4,0.0,0
188.5311645325515,67,5,1.0,0
203.5755388056237,482,14,1.0,0
153.22206107476822,147,7,0.0,0
179.75817088522012,159,8,0.0,0
192.98704619740673,55,4,1.0,0
238.93723025095943,496,16,1.0,0
222.51741504880016,369,11,1.0,0
190.90049764209627,138,7,1.0,0
205.35091916034852,30,4,1.0,0
177.06778363101515,31,4,0.0,0
282.74723694494344,1478,21,2.0,1
167.09877318520324,41,5,0.0,0
229.89562849258357,879,22,1.0,1
213.74751460543348,306,12,1.0,0
265.64261706285004,757,20,2.0,1
164.799878640732,21,4,0.0,0
223.5329953273118,306,12,1.0,0
222.49719099350446,751,20,1.0,1
199.64468437702016,95,6,1.0,0
236.30911958703584,518,16,1.0,0
280.3016232560918,1736,14,2.0,1
149.72975656161336,162,7,0.0,0
300.4995840263344,1738,19,2.0,1
217.88070130234115,75,6,1.0,0
204.93901531919198,653,18,1.0,0
207.35717976477207,15,3,1.0,0
191.80719485983835,66,5,1.0,0
276.4272056075523,1808,17,2.0,1
130.95037227896682,68,7,0.0,0
256.0644450133599,859,21,2.0,1
216.40471344219839,78,5,1.0,0
121.0826164236634,26,4,0.0,0
195.8596436226718,137,7,1.0,0
293.44675837364434,1385,22,2.0,1
232.39191035834273,581,16,1.0,0
264.64693461289136,1244,16,2.0,1
173.48198753761153,45,5,0.0,0
139.02877400020472,60,7,0.0,0
214.09577296154168,373,13,1.0,0
236.5396372703738,1374,20,1.0,1
274.3647207641682,1040,22,2.0,1
282.1223138994858,1366,18,2.0,1
135.49169716259368,57,7,0.0,0
189.45448002092746,199,9,1.0,0
247.65096406030807,632,18,2.0,0
276.8104044287353,899,22,2.0,1
273.5050273760978,820,21,2.0,1
275.27077578268273,823,20,2.0,1
218.50171624039936,275,11,1.0,0
212.46882124208247,311,12,1.0,0
86.60254037844386,71,7,0.0,0
180.6432949212342,576,16,0.0,0
148.55975228843107,67,6,0.0,0
203.64920819880444,76,5,1.0,0
290.11894112587686,1919,19,2.0,1
275.13996438176696,1921,28,2.0,1
253.98622009865022,1722,18,2.0,1
301.1428232583337,1779,16,2.0,1
214.70444802099468,120,7,1.0,0
187.5579910321072,59,4,1.0,0
156.9681496355232,44,6,0.0,0
142.9160592795645,57,5,0.0,0
150.4460036026215,96,5,0.0,0
280.035712008308,1453,21,2.0,1
201.89105973271822,93,6,1.0,0
186.38132953705423,20,4,1.0,0
233.30666514268296,38,4,1.0,0
181.79933993279514,835,18,0.0,1
265.7781029355127,1334,19,2.0,1
251.06373692749816,1102,15,2.0,1
279.87675859206314,1638,23,2.0,1
169.4638604540803,57,5,0.0,0
123.64060821590938,31,4,0.0,0
245.9146193295551,1180,24,2.0,1
136.71137480107498,60,4,0.0,0
232.67359110994957,203,9,1.0,0
136.75159962501354,44,6,0.0,0
287.2350953487404,1066,16,2.0,1
189.36736783300339,49,4,1.0,0
226.67487730227185,1052,15,1.0,1
210.95734165939805,48,5,1.0,0
251.40803487557832,928,13,2.0,1
166.74231616479364,176,7,0.0,0
123.75378782081783,64,6,0.0,0
192.1483801649132,38,5,1.0,0
239.34911739966788,608,17,1.0,0
269.59043009721245,1168,16,2.0,1
252.75877828475117,1245,27,2.0,1
268.68196813333043,1947,15,2.0,1
226.67487730227185,207,9,1.0,0
246.7711490429949,1701,23,2.0,1
249.3732142793207,1283,17,2.0,1
273.6439292218996,964,23,2.0,1
170.3202865192517,44,5,0.0,0
224.2141833158643,233,10,1.0,0
248.22973230457305,1345,17,2.0,1
197.1598336375845,91,6,1.0,0
253.7971631047124,279,11,2.0,0
240.7010594077226,683,17,1.0,0
253.6828728944861,1445,19,2.0,1
270.12404557906353,497,17,2.0,0
136.71137480107498,60,4,0.0,0
215.5527777598795,235,10,1.0,0
163.2360254355637,53,6,0.0,0
217.60514699795132,319,12,1.0,0
178.54971296532514,15,3,0.0,0
250.0259986481406,716,20,2.0,0
137.0875632579411,77,6,0.0,0
195.53004884160387,122,7,1.0,0
218.74642854227358,134,7,1.0,0
282.71894170713074,1753,16,2.0,1
189.36736783300339,49,4,1.0,0
206.66397847714052,406,12,1.0,0
151.00993344810135,26,4,0.0,0
192.57985356729296,401,14,1.0,0
226.67487730227185,42,4,1.0,0
210.65374432940897,301,11,1.0,0
200.75856146127367,57,5,1.0,0
267.2713976466618,1400,18,2.0,1
184.8675201326615,89,7,1.0,0
213.48536249588636,145,7,1.0,0
185.5047169211608,209,8,1.0,0
246.40211038057285,957,21,2.0,1
141.37185009753534,22,3,0.0,0
199.7448372299019,134,7,1.0,0
232.80463912903454,235,10,1.0,0
247.40452704023022,957,12,2.0,1
256.38837727166964,395,14,2.0,0
305.00327867090215,2119,22,2.0,1
244.89385455743883,382,14,2.0,0
200.25234081028864,415,13,1.0,0
268.88287412923864,939,13,2.0,1
239.85412233272123,92,6,1.0,0
283.54541082514453,1597,25,2.0,1
227.01762046149634,1103,15,1.0,1
282.3720949385757,914,13,2.0,1
285.75688968072143,1097,15,2.0,1
217.05068532487982,1092,15,1.0,1
259.58428303732103,1490,20,2.0,1
180.20543831971332,11,3,0.0,0
201.71514568817088,444,13,1.0,0
254.40518862633286,805,21,2.0,1
204.65336547440407,312,9,1.0,0
211.96933740520114,96,6,1.0,0
146.14718608307174,48,5,0.0,0
271.17890773435903,1658,23,2.0,1
171.58088471621772,56,5,0.0,0
260.994252810287,928,21,2.0,1
268.4604253889202,1338,17,2.0,1
117.14947716485976,58,4,0.0,0
243.02263269086689,274,11,2.0,0
288.3591510599239,747,18,2.0,1
199.7448372299019,134,7,1.0,0
189.17716564109952,44,5,1.0,0
142.10559454152394,47,5,0.0,0
256.29085040242853,769,20,2.0,1
247.01012125012207,1147,16,2.0,1
168.6475615003075,57,7,0.0,0
233.8589318371227,198,9,1.0,0
283.0794941354813,1690,14,2.0,1
169.25424662323837,94,6,0.0,0
273.0164830188829,1461,21,2.0,1
127.22028140198401,106,6,0.0,0
224.3524013689178,694,17,1.0,0
216.8155898453799,448,13,1.0,0
136.71137480107498,60,4,0.0,0
226.8898411123777,494,15,1.0,0
210.26887549040634,152,8,1.0,0
275.3633962602873,2209,22,2.0,1
226.67487730227185,637,27,1.0,0
268.5460854304155,1073,25,2.0,1
181.32843130629018,42,4,0.0,0
211.64593074283286,65,5,1.0,0
287.0261312145638,1957,26,2.0,1
251.23693995907527,1477,21,2.0,1
215.35319825811735,90,6,1.0,0
242.30146512144742,1185,25,1.0,1
281.81376829388586,1631,14,2.0,1
269.5088124718745,981,20,2.0,1
182.90434658585892,169,8,0.0,0
280.51203182751357,2130,18,2.0,1
287.60389427127024,1167,27,2.0,1
211.0189564944344,691,19,1.0,0
275.12360858348745,1442,21,2.0,1
204.27432535685926,55,4,1.0,0
233.14373249135392,775,21,1.0,1
221.57617200412142,187,9,1.0,0
182.15652609774924,16,3,0.0,0
202.51913489840905,20,3,1.0,0
86.60254037844386,57,7,0.0,0
214.50874108063755,541,16,1.0,0
251.5651009182315,1103,24,2.0,1
250.9422244262611,587,14,2.0,0
277.1281292110204,641,15,2.0,0
226.4221720591868,270,11,1.0,0
282.49424772904666,868,12,2.0,1
190.80880482828877,22,3,1.0,0
237.15395843207003,971,23,1.0,1
168.28547174370104,43,4,0.0,0
287.44216809647116,940,15,2.0,1
265.5240102137658,1727,15,2.0,1
196.44337606547083,22,3,1.0,0
278.62519627628797,2252,12,2.0,1
158.13917920616638,34,4,0.0,0
255.5699512853575,260,10,2.0,0
288.54289109246827,1365,27,2.0,1
247.9253920033202,594,17,2.0,0
274.37747720977393,1019,14,2.0,1
215.89349225949354,467,13,1.0,0
247.5600937146373,608,16,2.0,0
275.27622490872693,1438,20,2.0,1
164.66936569987752,41,5,0.0,0
226.67487730227185,985,14,1.0,1
212.29225138944662,20,3,1.0,0
241.9793379609094,586,16,1.0,0
148.3037423668061,22,3,0.0,0
156.46085772486356,102,7,0.0,0
244.13316038588448,797,11,2.0,1
216.05786262017867,425,14,1.0,0
233.11370616074893,177,8,1.0,0
164.62077633154328,37,4,0.0,0
235.1254984045754,764,20,1.0,1
290.8917324366576,1672,25,2.0,1
240.76336930687773,468,14,1.0,0
278.0251787158854,969,23,2.0,1
148.3037423668061,22,3,0.0,0
267.37239947309445,559,14,2.0,0
201.58620984581262,38,4,1.0,0
189.1824516174796,72,5,1.0,0
157.10824294097367,41,6,0.0,0
262.86118009321956,653,17,2.0,0
237.45736459415193,612,17,1.0,0
337.2447182685001,277,27,2.0,0
194.38878568477145,106,6,1.0,0
174.57663073848116,66,5,0.0,0
183.7443876693925,106,6,0.0,0
147.8039241698271,84,7,0.0,0
265.3695536417092,767,20,2.0,1
271.01291482141585,725,18,2.0,1
172.5108692227826,165,8,0.0,0
211.2699694703438,68,5,1.0,0
205.1365398947735,382,13,1.0,0
208.8971038573776,201,9,1.0,0
205.40691322348428,100,6,1.0,0
163.5817838269286,59,6,0.0,0
252.37472139657729,1150,26,2.0,1
208.52337998411593,88,6,1.0,0
259.89613309935953,2126,19,2.0,1
220.79855071988132,316,12,1.0,0
206.44127494277882,192,9,1.0,0
192.21602430598756,146,7,1.0,0
194.31417858715304,40,4,1.0,0
284.06865367372023,1918,18,2.0,1
224.72427550222517,500,13,1.0,0
227.62469110357952,63,5,1.0,0
252.6064132202506,1371,19,2.0,1
222.89235069871734,458,15,1.0,0
265.60308733145405,334,12,2.0,0
206.2862089428181,41,5,1.0,0
292.73366734969176,1169,25,2.0,1
173.24837661577092,57,5,0.0,0
168.32112166926646,65,7,0.0,0
115.15207336387826,49,6,0.0,0
222.4320120845918,795,18,1.0,1
214.70444802099468,120,7,1.0,0
210.76289996107,189,9,1.0,0
206.41463126435588,350,12,1.0,0
157.19732822156996,58,6,0.0,0
254.38749969288978,602,17,2.0,0
284.682279041039,1208,21,2.0,1
230.6534196581529,415,14,1.0,0
279.7945674955109,1427,20,2.0,1
187.98936140111758,45,5,1.0,0
197.0355297909491,114,6,1.0,0
149.03690818049066,69,6,0.0,0
173.4733408913312,69,5,0.0,0
195.18452807535743,184,7,1.0,0
267.5892374517331,1196,16,2.0,1
263.4406954135978,690,13,2.0,0
191.18054294305162,577,15,1.0,0
269.5236538784676,1429,20,2.0,1
278.1240730321631,670,18,2.0,0
255.29590674352772,1531,21,2.0,1
206.08978625831995,144,7,1.0,0
253.00988122996304,444,15,2.0,0
153.70751445521458,43,7,0.0,0
267.71253239249,1766,14,2.0,1
215.89349225949354,302,11,1.0,0
194.1571528427423,84,6,1.0,0
207.41263220932325,223,9,1.0,0
155.0064514786401,48,5,0.0,0
295.4741951507779,1152,16,2.0,1
226.73993913732974,18,3,1.0,0
248.64633518312712,424,14,2.0,0
241.11822826157297,1617,22,1.0,1
264.3879724949681,882,20,2.0,1
232.83041038489796,367,12,1.0,0
255.85738214872754,562,17,2.0,0
189.1163662933486,75,6,1.0,0
153.48941331570722,79,6,0.0,0
164.80594649465777,52,4,0.0,0
285.13154858766507,1241,18,2.0,1
198.58247656830147,102,6,1.0,0
183.26210737629316,122,6,0.0,0
268.44552520017913,758,19,2.0,1
104.93807697875924,84,6,0.0,0
282.60396317107796,792,20,2.0,1
270.1258965741715,1958,18,2.0,1
279.98928550928514,1428,15,2.0,1
235.6289455903073,446,15,1.0,0
190.11312421818752,19,3,1.0,0
201.10196418732463,169,8,1.0,0
247.43281916512208,1341,16,2.0,1
295.28799501503613,1097,19,2.0,1
279.00716836669267,1346,20,2.0,1
276.4868893817571,1410,20,2.0,1
305.62067992856765,1616,14,2.0,1
160.33402633252868,21,4,0.0,0
248.64231337405144,884,20,2.0,1
246.7670966721455,832,21,2.0,1
286.9616699142936,1853,24,2.0,1
191.4001044931794,335,12,1.0,0
271.01660465735307,1804,26,2.0,1
175.3054477191168,185,9,0.0,0
244.55878638887626,877,12,2.0,1
209.22714928995234,23,3,1.0,0
252.6064132202506,1371,19,2.0,1
241.01037322073918,792,21,1.0,1
145.88351517563592,46,5,0.0,0
203.16249653910043,61,7,1.0,0
219.5130975591206,219,9,1.0,0
154.1038610807659,76,6,0.0,0
289.53238160868983,1862,17,2.0,1
210.61576389244942,45,6,1.0,0
193.09065228539677,23,3,1.0,0
75.15317691222374,49,1,0.0,0
236.02330393416665,428,14,1.0,0
257.633460559765,948,11,2.0,1
175.7811138888362,33,4,0.0,0
191.3818173181559,16,3,1.0,0
289.2472990366548,1173,16,2.0,1
268.0578295816035,1141,21,2.0,1
218.8355546980426,67,5,1.0,0
288.15447246225415,1761,25,2.0,1
226.9757696319147,449,15,1.0,0
297.3550066839299,2069,19,2.0,1
246.16457909293123,893,12,2.0,1
278.86555900648614,1529,32,2.0,1
182.86060264584057,90,7,0.0,0
277.74448689397957,990,16,2.0,1
242.9835385370787,96,6,2.0,0
219.84085152673512,32,4,1.0,0
250.76283616197995,1338,18,2.0,1
282.86215724271074,1395,19,2.0,1
230.59054620690762,486,13,1.0,0
231.50161986474308,480,15,1.0,0
151.4727698300919,76,6,0.0,0
241.06638089953563,758,19,1.0,1
199.14818603241156,299,11,1.0,0
162.8434831364154,57,5,0.0,0
242.19000805152965,1220,28,1.0,1
222.29035066776964,304,11,1.0,0
224.77321904533022,91,6,1.0,0
145.79094622095022,61,7,0.0,0
302.82007859453444,1968,19,2.0,1
171.89531698100447,29,4,0.0,0
145.13097532918326,59,5,0.0,0
176.5304506310455,38,4,0.0,0
264.4465919614015,1049,24,2.0,1
261.65244122690694,1670,14,2.0,1
182.9508130618719,93,7,0.0,0
174.5479876710127,24,3,0.0,0
268.3747380063928,1677,25,2.0,1
262.94295959390126,227,10,2.0,0
167.54402406531844,313,11,0.0,0
290.2050998862701,1198,17,2.0,1
163.2237727783548,42,5,0.0,0
159.03773137214955,37,4,0.0,0
241.40215409146623,615,17,1.0,0
270.8431280280155,1512,21,2.0,1
210.69409104196538,211,9,1.0,0
286.9250773285598,2257,21,2.0,1
80.99382692526635,373,2,0.0,0
184.967564724197,117,6,1.0,0
150.56227947264878,173,7,0.0,0
167.82133356638542,78,6,0.0,0
167.547008329006,47,4,0.0,0
185.59364213248256,839,21,1.0,1
278.86555900648614,1529,32,2.0,1
285.27180021866866,1893,16,2.0,1
226.67487730227185,97,6,1.0,0
235.0510582830888,130,7,1.0,0
286.48211113436037,2018,18,2.0,1
236.7403641122485,692,19,1.0,0
272.4224660339158,1711,15,2.0,1
303.0181512715039,1497,22,2.0,1
273.6439292218996,964,23,2.0,1
243.40706645453002,574,16,2.0,0
264.01136339180556,1039,24,2.0,1
167.14664220378464,29,5,0.0,0
226.67487730227185,725,18,1.0,1
236.9155967850154,660,18,1.0,0
159.50862045670132,32,4,0.0,0
272.567422851668,1127,15,2.0,1
149.72975656161336,162,7,0.0,0
304.19237334292256,1131,22,2.0,1
194.7536905940424,265,11,1.0,0
230.39748262513635,271,11,1.0,0
238.16170976880395,296,10,1.0,0
225.70556041001737,46,4,1.0,0
283.93132972604485,1435,18,2.0,1
291.26448461836196,1190,14,2.0,1
209.27254956157054,492,14,1.0,0
131.70041761513136,58,5,0.0,0
144.55102905202716,45,5,0.0,0
221.24194900605988,902,22,1.0,1
284.5962051749812,1482,21,2.0,1
162.74827188022613,69,6,0.0,0
250.00599992800173,973,22,2.0,1
192.53571097331528,433,14,1.0,0
280.0285699709942,1179,24,2.0,1
288.98442864625076,2157,21,2.0,1
259.70175201565354,1174,27,2.0,1
224.60409613361907,148,7,1.0,0
255.24106252717255,1115,19,2.0,1
163.02147097851866,27,3,0.0,0
205.98300900802474,67,5,1.0,0
259.70175201565354,1174,27,2.0,1
241.65678140701948,596,17,1.0,0
226.67487730227185,603,17,1.0,0
250.10197920048535,421,17,2.0,0
225.75429121059915,685,19,1.0,0
284.27451521372785,1677,17,2.0,1
396.41644769106136,1730,28,2.0,1
192.16399246476954,71,6,1.0,0
206.2110569295449,125,6,1.0,0
196.41283053812955,73,6,1.0,0
151.95723082499234,48,6,0.0,0
135.62079486568422,50,6,0.0,0
191.65594172892213,47,6,1.0,0
276.66224896071384,1483,22,2.0,1
199.16073910286636,216,9,1.0,0
255.48972582082436,746,20,2.0,1
225.23099253877118,496,15,1.0,0
235.9788126082509,982,14,1.0,1
165.05150711217394,106,5,0.0,0
288.1024123467209,1674,21,2.0,1
167.16159846089053,37,5,0.0,0
177.4739417492044,155,8,0.0,0
195.85709075752146,131,7,1.0,0
178.6840787535364,72,7,0.0,0
183.38211472223784,152,8,0.0,0
227.41371990273586,122,7,1.0,0
215.69422801734868,177,7,1.0,0
227.07487751840802,1250,18,1.0,1
265.7875091120725,1828,17,2.0,1
161.52708751166165,89,6,0.0,0
132.9962405483704,11,3,0.0,0
264.7470490864818,1161,17,2.0,1
256.5521389503506,1383,19,2.0,1
273.34227627646624,860,15,2.0,1
202.86448678859492,69,5,1.0,0
228.64382781960242,1198,25,1.0,1
215.1975836295566,309,12,1.0,0
206.80183751601436,131,6,1.0,0
284.4468315872054,756,14,2.0,1
262.09731017314925,1091,15,2.0,1
248.58398983039916,611,18,2.0,0
288.86502038149234,1497,21,2.0,1
162.75748830699004,210,9,0.0,0
250.4895207388924,1117,26,2.0,1
257.62957904712727,606,16,2.0,0
163.75591592366976,22,3,0.0,0
155.58277539625007,25,4,0.0,0
214.59030733003763,515,16,1.0,0
153.22532427767936,129,6,0.0,0
251.67836617397214,1101,16,2.0,1
307.36297760140206,1691,15,2.0,1
274.0930498936447,833,18,2.0,1
190.5701970403557,133,7,1.0,0
129.84606270503545,38,5,0.0,0
196.3593644316461,145,7,1.0,0
176.5162882002678,72,5,0.0,0
218.38269162184076,21,3,1.0,0
187.94148025382793,106,6,1.0,0
154.02597183592124,75,5,0.0,0
186.9973261840928,221,10,1.0,0
216.26835182245227,1048,24,1.0,1
296.1063997957491,2524,28,2.0,1
178.3647947325929,83,5,0.0,0
261.2929390550001,305,11,2.0,0
187.60597005426027,497,12,1.0,0
159.24195427085164,32,4,0.0,0
396.1363401658575,8,0,2.0,0
292.28581901967124,1165,16,2.0,1
294.71511668049874,2114,21,2.0,1
261.44215421389106,871,22,2.0,1
192.57466084612483,61,6,1.0,0
224.9799991110321,149,8,1.0,0
221.73407496368256,368,11,1.0,0
247.95564119414584,299,11,2.0,0
259.01158275258655,794,20,2.0,1
299.48956576148026,1472,11,2.0,1
160.78246173012778,48,5,0.0,0
256.8871347498742,971,24,2.0,1
209.22714928995234,275,11,1.0,0
200.61405733397646,13,3,1.0,0
200.14744564945116,414,11,1.0,0
141.8802311810916,34,4,0.0,0
262.07250905045345,1598,23,2.0,1
282.52964446231124,1518,22,2.0,1
289.54619665953135,1318,24,2.0,1
89.59910713840847,178,1,0.0,0
267.06179060284904,350,12,2.0,0
245.41801074900758,1067,15,2.0,1
232.92058732538007,264,10,1.0,0
106.99532700076205,14,3,0.0,0
132.1325092473461,69,6,0.0,0
258.17242300447197,612,18,2.0,0
184.50745242401456,49,4,0.0,0
147.22431864335456,45,7,0.0,0
284.14608918653096,1633,23,2.0,1
228.46225071114046,17,3,1.0,0
264.3236652288251,925,16,2.0,1
256.968869709932,677,18,2.0,0
197.19787017105432,42,4,1.0,0
259.52456531126296,913,23,2.0,1
264.7942597565136,1536,22,2.0,1
241.51604501564694,1064,23,1.0,1
156.31378697990783,50,5,0.0,0
225.85836269662454,209,9,1.0,0
238.66713221556086,411,14,1.0,0
197.4791128195587,54,5,1.0,0
254.65466812921377,1336,18,2.0,1
132.23842104320514,18,3,0.0,0
258.79142180528316,1282,27,2.0,1
273.1977305908671,1650,24,2.0,1
299.2858165700473,2059,23,2.0,1
226.5281439468394,222,9,1.0,0
163.55732939859345,11,3,0.0,0
188.47546259394085,66,6,1.0,0
201.46960068456977,258,10,1.0,0
202.20534117574638,161,7,1.0,0
238.66713221556086,411,14,1.0,0
149.20790863757858,21,4,0.0,0
225.91812676277218,417,12,1.0,0
257.80806814372585,1485,32,2.0,1
166.10237806846715,12,3,0.0,0
236.13343685297937,854,21,1.0,1
237.80454158825478,138,7,1.0,0
59.177698502053964,5,0,0.0,0
279.91605884621913,1576,23,2.0,1
203.91174561559714,92,6,1.0,0
189.18509455028428,35,4,1.0,0
209.69978540761554,551,16,1.0,0
283.0794941354813,1378,20,2.0,1
286.9616699142936,1853,24,2.0,1
233.55727348982305,233,10,1.0,0
209.78560484456506,662,18,1.0,0
222.75098204048393,129,7,1.0,0
235.78167867754271,546,15,1.0,0
232.7616806950835,194,9,1.0,0
223.56207191739836,195,9,1.0,0
262.8859068113009,1555,19,2.0,1
208.13937638034758,141,7,1.0,0
284.5206495142312,1757,24,2.0,1
260.59739062392777,976,24,2.0,1
193.30804432304416,30,3,1.0,0
269.8666337285882,1678,22,2.0,1
270.29428406830954,1095,25,2.0,1
86.60254037844386,61,5,0.0,0
209.3418257300724,186,8,1.0,0
210.52078282202925,37,5,1.0,0
158.82065356873457,46,5,0.0,0
289.0121104729004,1650,22,2.0,1
259.55538907909425,1461,21,2.0,1
182.76214049961223,70,6,0.0,0
232.04094466279005,562,16,1.0,0
223.4099371111321,874,22,1.0,1
281.5031083309739,1216,21,2.0,1
214.59962721309654,209,9,1.0,0
224.9688867376998,493,16,1.0,0
260.59739062392777,976,24,2.0,1
235.62045751589568,633,18,1.0,0
281.3787483091074,2043,18,2.0,1
273.60372804477646,1565,22,2.0,1
263.5830040044312,1044,14,2.0,1
237.76879526127897,815,21,1.0,1
255.58560209839678,544,17,2.0,0
267.77976025084496,1443,21,2.0,1
283.4025405672998,1231,17,2.0,1
235.07445628991678,1139,23,1.0,1
145.11719401917887,44,6,0.0,0
214.45046047980406,322,12,1.0,0
249.40729740727315,946,21,2.0,1
220.0727152556627,424,14,1.0,0
218.4101645986285,655,17,1.0,0
284.9017374464396,2089,21,2.0,1
249.1204527934228,800,21,2.0,1
243.74576919405186,406,14,2.0,0
216.54329821077354,183,7,1.0,0
230.6599228301267,45,4,1.0,0
237.11389668258585,156,8,1.0,0
286.93727537564723,1822,17,2.0,1
281.3289889080043,564,17,2.0,0
86.60254037844386,119,7,0.0,0
123.64060821590938,31,4,0.0,0
193.09065228539677,23,3,1.0,0
220.28617750553482,135,7,1.0,0
271.0239841785225,1651,12,2.0,1
242.08882667318622,972,14,1.0,1
225.24875138388668,99,6,1.0,0
201.99009876724156,99,6,1.0,0
212.46882124208247,311,12,1.0,0
244.58331913685365,734,20,2.0,1
198.86678958539056,54,5,1.0,0
262.0209915254883,1538,20,2.0,1
205.88103360921812,684,16,1.0,0
195.99744896299032,44,4,1.0,0
289.46502379389466,1615,24,2.0,1
274.0693342933499,1253,18,2.0,1
150.0599880047976,61,5,0.0,0
171.69158395215533,20,4,0.0,0
221.78142392905679,116,7,1.0,0
231.73260452512935,694,18,1.0,0
205.89803301634527,32,4,1.0,0
139.6925194847598,69,6,0.0,0
181.36151741756024,46,6,0.0,0
267.1460274830977,777,16,2.0,1
185.81980518771405,162,7,1.0,0
255.28219679405768,1189,27,2.0,1
186.61189672687001,23,3,1.0,0
257.83715791173313,312,12,2.0,0
274.6579691179559,1493,22,2.0,1
306.25153060841996,2349,25,2.0,1
182.28549037155975,71,5,0.0,0
184.8675201326615,89,7,1.0,0
238.2750511488771,937,23,1.0,1
283.0794941354813,1690,14,2.0,1
229.9325988197411,172,8,1.0,0
201.9405853215247,377,13,1.0,0
212.61937823255903,215,10,1.0,0
152.190669884852,65,5,0.0,0
300.41138460451197,1621,14,2.0,1
277.5680096841133,1065,29,2.0,1
245.01632598665748,198,8,2.0,0
212.26634212705508,50,5,1.0,0
189.36736783300339,49,4,1.0,0
245.13873622909946,735,19,2.0,1
233.26808611552502,211,9,1.0,0
296.26170862938056,1957,19,2.0,1
192.75632285349292,74,6,1.0,0
294.95762407505254,961,17,2.0,1
216.8524844220144,635,18,1.0,0
216.7579294974004,41,4,1.0,0
206.55265672462312,24,4,1.0,0
221.17866081518804,347,13,1.0,0
179.49373248110922,93,6,0.0,0
251.41002366651972,1502,11,2.0,1
184.38004230393267,71,5,0.0,0
173.68937791356154,279,11,0.0,0
157.74029288675737,80,4,0.0,0
239.81868150750893,1060,25,1.0,1
250.69303939280005,1612,13,2.0,1
301.27230207903284,1724,15,2.0,1
231.02813681454472,1064,15,1.0,1
253.1955765806346,1099,26,2.0,1
258.9324236166649,993,13,2.0,1
191.6115862885123,357,13,1.0,0
202.49197514963402,601,16,1.0,0
194.31417858715304,40,4,1.0,0
235.39753609585637,63,5,1.0,0
148.04728974216312,33,5,0.0,0
247.54393549428755,165,8,2.0,0
132.84953895290718,45,6,0.0,0
201.9752460080195,434,14,1.0,0
165.73774464496614,17,3,0.0,0
214.7137629496535,16,3,1.0,0
229.37741824338332,990,14,1.0,1
270.0740639158081,981,12,2.0,1
392.3314924907252,6,0,2.0,0
181.36151741756024,46,6,0.0,0
238.93723025095943,577,17,1.0,0
208.46102753272612,393,14,1.0,0
86.60254037844386,122,7,0.0,0
224.9688867376998,493,16,1.0,0
226.07742036744847,55,5,1.0,0
157.74663229368798,19,3,0.0,0
206.96618081222834,595,16,1.0,0
183.3630278982107,81,6,0.0,0
185.41035569784123,114,6,1.0,0
293.86731699867545,1722,14,2.0,1
241.43943339893755,422,14,1.0,0
230.71627597549332,732,19,1.0,1
149.77983842960975,58,5,0.0,0
230.5515126820902,158,8,1.0,0
226.67487730227185,1564,21,1.0,1
194.20865068271289,25,3,1.0,0
234.97233879756996,1182,17,1.0,1
137.76066201931522,37,4,0.0,0
174.0086204761132,37,4,0.0,0
237.35416575236255,724,17,1.0,1
164.03353315709566,22,4,0.0,0
72.83543093852057,32,1,0.0,0
285.835617094861,1633,26,2.0,1
262.1888632264918,2074,29,2.0,1
187.60597005426027,497,12,1.0,0
154.8418548067673,66,7,0.0,0
274.14229881577927,1143,15,2.0,1
283.8538356267183,1564,23,2.0,1
266.2573942635209,1508,22,2.0,1
222.72179956169535,127,7,1.0,0
240.29981273400944,411,14,1.0,0
273.71152697685204,2047,20,2.0,1
192.2472366511415,62,5,1.0,0
304.1233302461355,2034,24,2.0,1
241.55744658362326,1001,23,1.0,1
255.9023251164397,507,16,2.0,0
250.63918289046507,976,13,2.0,1
283.5401206178766,1380,23,2.0,1
252.91698242704067,882,20,2.0,1
158.52444606432158,50,5,0.0,0
146.13350060817677,68,5,0.0,0
267.9906714794379,1574,11,2.0,1
221.32555207205516,75,5,1.0,0
247.90320691753868,1388,29,2.0,1
201.75727991822254,81,7,1.0,0
224.9799991110321,67,6,1.0,0
120.47821379818012,96,7,0.0,0
245.2590467240709,943,22,2.0,1
277.8956638740518,1138,26,2.0,1
254.54862011018642,680,18,2.0,0
183.88039590995012,133,6,0.0,0
256.47027118167125,1146,16,2.0,1
222.2363606613463,65,5,1.0,0
240.21865040000537,486,15,1.0,0
258.5053190942113,858,15,2.0,1
268.7322087134328,1573,21,2.0,1
194.57389341841315,36,4,1.0,0
159.8280325850256,210,7,0.0,0
256.5306999171834,272,11,2.0,0
214.51107197531786,46,4,1.0,0
291.46697926180246,1024,17,2.0,1
277.4563028658747,1062,15,2.0,1
201.6482085216727,92,6,1.0,0
195.38423682579923,153,8,1.0,0
202.11630315241766,59,4,1.0,0
204.93901531919198,653,18,1.0,0
243.2776191925595,1072,24,2.0,1
178.0056178888745,17,4,0.0,0
234.11322047248848,174,8,1.0,0
150.4460036026215,96,5,0.0,0
216.6356388039604,78,5,1.0,0
177.73575892318348,38,4,0.0,0
192.24203494553421,152,7,1.0,0
168.6920270789346,205,9,0.0,0
247.00202428320299,1021,24,2.0,1
254.73908219980694,902,22,2.0,1
229.34035841953332,578,17,1.0,0
280.69378332980585,1754,15,2.0,1
175.6217526390168,35,4,0.0,0
254.67037519114783,1540,22,2.0,1
116.72189169131899,36,5,0.0,0
147.78362561528934,27,4,0.0,0
257.8294009611782,689,18,2.0,0
263.07603463637656,1782,14,2.0,1
142.0563268566381,137,7,0.0,0
195.44820285692063,17,3,1.0,0
228.3790708449441,265,10,1.0,0
196.78668654154427,45,5,1.0,0
242.03718722543442,763,20,1.0,1
194.3193248238579,317,11,1.0,0
233.12657506170333,90,6,1.0,0
163.97255867979862,30,4,0.0,0
214.82318310647946,362,13,1.0,0
86.60254037844386,53,7,0.0,0
272.24253892439367,2052,18,2.0,1
216.28453481467417,23,3,1.0,0
320.4559252065719,1112,28,2.0,1
157.74029288675737,80,4,0.0,0
222.88562089107498,315,12,1.0,0
204.99024367027812,573,17,1.0,0
280.12140225266614,1004,27,2.0,1
236.46141334264243,1260,25,1.0,1
205.98300900802474,67,5,1.0,0
227.26636354727023,191,9,1.0,0
242.53041046433745,728,20,1.0,1
235.71805191796406,43,5,1.0,0
189.18509455028428,35,4,1.0,0
252.66776604861965,908,21,2.0,1
264.2063587425556,1038,25,2.0,1
212.02122535255756,1021,23,1.0,1
238.97070950223167,416,16,1.0,0
256.54239415737896,747,20,2.0,1
161.53946886132812,42,4,0.0,0
199.9899997499875,15,3,1.0,0
258.88800667470093,906,23,2.0,1
204.06861591141347,31,4,1.0,0
245.3548450713782,18,3,2.0,0
256.9046515733026,711,9,2.0,0
252.66776604861965,908,21,2.0,1
204.57272545478784,96,6,1.0,0
152.7448853480862,269,11,0.0,0
244.79583329787295,766,20,2.0,1
240.0874840552918,679,19,1.0,0
292.60895406668607,1600,13,2.0,1
243.38241514127515,1128,25,2.0,1
270.29428406830954,1095,25,2.0,1
173.95689121158725,22,3,0.0,0
268.6242729166521,1401,20,2.0,1
142.0563268566381,137,7,0.0,0
247.8225171367606,1665,23,2.0,1
222.8609431910401,1396,20,1.0,1
232.8883852835946,361,12,1.0,0
197.34740940787646,257,10,1.0,0
256.20304447839806,461,14,2.0,0
229.89997825141262,116,7,1.0,0
245.27739398485136,1071,23,2.0,1
302.8398916919632,2217,27,2.0,1
204.9658508142271,189,8,1.0,0
230.99567095510687,257,10,1.0,0
207.40781084616847,133,6,1.0,0
275.27077578268273,823,20,2.0,1
227.0,467,15,1.0,0
195.0743448021805,45,5,1.0,0
212.0471645648675,41,4,1.0,0
185.25657883055058,17,3,1.0,0
154.0064933695979,81,6,0.0,0
156.0,31,3,0.0,0
252.11901951261035,1215,27,2.0,1
182.12083900531536,122,7,0.0,0
252.66776604861965,908,21,2.0,1
221.96621364523025,890,22,1.0,1
245.94918174289583,1028,24,2.0,1
214.72307747422028,54,4,1.0,0
275.27622490872693,1438,20,2.0,1
401.00249375783187,1717,29,2.0,1
206.29348026537338,270,11,1.0,0
271.46086274083785,1179,16,2.0,1
167.0,26,4,0.0,0
262.07250905045345,1598,23,2.0,1
281.7977998494665,1370,10,2.0,1
239.86871409168808,545,15,1.0,0
174.26416728633572,52,5,0.0,0
167.59176590751707,112,6,0.0,0
159.4051442080838,38,5,0.0,0
259.2778432492835,868,20,2.0,1
397.1561405794955,59,2,2.0,0
280.176729940229,1334,18,2.0,1
248.740828976668,573,17,2.0,0
210.9786719078495,32,4,1.0,0
174.7083283647348,13,3,0.0,0
98.60020283954795,103,7,0.0,0
244.44631312417047,475,13,2.0,0
265.18107021429716,1376,24,2.0,1
210.69646413739363,60,5,1.0,0
148.53619087616323,55,5,0.0,0
266.6589582219206,1327,26,2.0,1
161.4527794743714,56,6,0.0,0
199.80490484470096,156,7,1.0,0
185.01351301999537,21,3,1.0,0
188.7882411592417,178,8,1.0,0
174.06320691059327,28,5,0.0,0
215.27656630483494,429,13,1.0,0
280.17316074170986,978,24,2.0,1
166.5322791533221,57,5,0.0,0
247.48737341529164,730,19,2.0,1
222.86543024883872,326,12,1.0,0
264.51654012556565,1536,12,2.0,1
220.0727152556627,424,14,1.0,0
154.36968614336172,43,4,0.0,0
256.60475443763704,1120,15,2.0,1
227.76303475322769,310,12,1.0,0
280.04821013532654,1930,20,2.0,1
199.4768156954587,174,8,1.0,0
239.0313786932586,1179,19,1.0,1
282.4889378365107,1867,21,2.0,1
266.4038288013143,1825,27,2.0,1
269.3881957324782,1089,22,2.0,1
205.01951126661092,25,3,1.0,0
182.808643121708,86,6,0.0,0
287.37084055276034,1617,20,2.0,1
256.41177820061233,460,15,2.0,0
174.66253175767264,343,10,0.0,0
232.8024913956034,237,10,1.0,0
220.72833982069452,293,11,1.0,0
230.72277737579356,40,4,1.0,0
150.1798921294059,41,6,0.0,0
228.10962276940444,332,11,1.0,0
250.9422244262611,587,14,2.0,0
174.21538393609217,46,5,0.0,0
195.43796969882797,44,6,1.0,0
183.27574853209575,8,3,0.0,0
250.68905041904003,1178,17,2.0,1
190.3417978269618,59,6,1.0,0
142.10207598765052,82,6,0.0,0
162.75748830699004,210,9,0.0,0
213.31432206956944,170,8,1.0,0
253.16002844051033,797,19,2.0,1
149.63288408635316,26,3,0.0,0
157.35946110736398,86,6,0.0,0
220.0727152556627,424,14,1.0,0
246.78938388836744,392,13,2.0,0
210.535032714273,542,17,1.0,0
192.2888452302941,33,4,1.0,0
189.93419913222579,119,6,1.0,0
210.14042923721271,275,11,1.0,0
216.05786262017867,425,14,1.0,0
206.2110569295449,125,6,1.0,0
292.8105189367349,1371,20,2.0,1
243.69037732335678,185,8,2.0,0
251.7558340932738,1005,22,2.0,1
160.67980582512538,28,3,0.0,0
237.80454158825478,138,7,1.0,0
118.51160280748886,20,4,0.0,0
261.0517190136851,1042,14,2.0,1
274.48497226624266,563,17,2.0,0
154.7804897265802,68,5,0.0,0
152.7448853480862,103,6,0.0,0
238.98326301228713,263,10,1.0,0
259.358824796844,251,10,2.0,0
93.91485505499116,35,6,0.0,0
216.1804801548928,223,8,1.0,0
184.59144075498193,255,9,1.0,0
179.73035358558664,39,5,0.0,0
233.3452377915607,684,19,1.0,0
175.50213673912918,45,4,0.0,0
248.83126813163975,91,6,2.0,0
282.96112807239086,1600,16,2.0,1
128.9418473576364,68,6,0.0,0
273.83389125526446,1869,16,2.0,1
177.1863425888124,64,6,0.0,0
139.6782015920881,30,4,0.0,0
252.37472139657729,1150,26,2.0,1
267.1909429602733,1043,23,2.0,1
199.80490484470096,156,7,1.0,0
287.10102751470606,1456,20,2.0,1
249.66978191202875,708,19,2.0,0
228.29148034913612,279,11,1.0,0
230.03043276923165,575,13,1.0,0
288.3487471795222,1833,25,2.0,1
186.85823503394224,231,9,1.0,0
279.25078334715556,664,18,2.0,0
215.34623284376255,446,15,1.0,0
275.3071012524014,1682,24,2.0,1
275.93477490160603,1348,20,2.0,1
215.27656630483494,27,4,1.0,0
214.3315189140412,636,18,1.0,0
223.6112698412135,638,17,1.0,0
151.00993344810135,26,4,0.0,0
143.48170615099335,25,4,0.0,0
295.27614194174237,1923,18,2.0,1
253.4955620913313,1574,13,2.0,1
191.7759108960247,77,6,1.0,0
301.947015219558,1092,14,2.0,1
206.71477934584163,244,10,1.0,0
180.67650649710936,413,14,0.0,0
161.13658802394943,74,5,0.0,0
197.34740940787646,257,10,1.0,0
272.3784132415783,641,17,2.0,0
257.881755849459,401,13,2.0,0
280.5530252911203,1092,25,2.0,1
266.16536213414395,294,12,2.0,0
238.89746754622578,1034,25,1.0,1
187.5579910321072,59,4,1.0,0
193.9922678871506,38,4,1.0,0
168.07438829280326,43,5,0.0,0
125.36347155371855,92,7,0.0,0
224.0535650240808,401,13,1.0,0
246.05690398767518,289,11,2.0,0
238.84095126255045,454,15,1.0,0
181.52685751700767,55,5,0.0,0
196.67231630303235,79,5,1.0,0
140.49911031746785,55,5,0.0,0
208.81091925471713,68,6,1.0,0
262.8859068113009,1555,19,2.0,1
276.10505247097524,907,22,2.0,1
240.27276166889996,704,22,1.0,0
156.8247429457482,29,4,0.0,0
169.59952830123083,12,3,0.0,0
212.5629318578383,315,12,1.0,0
190.02105146535737,339,12,1.0,0
180.5076175677913,9,3,0.0,0
300.4546554806565,1991,18,2.0,1
122.70289320142373,88,7,0.0,0
260.0096152068227,938,16,2.0,1
159.10688231500234,54,6,0.0,0
222.5848152952038,404,14,1.0,0
199.40661974969638,167,8,1.0,0
278.5641757297589,1735,25,2.0,1
173.48198753761153,45,5,0.0,0
186.9786084021378,79,7,1.0,0
249.9319907494837,889,21,2.0,1
196.67994305469992,341,11,1.0,0
274.74351675699285,1159,16,2.0,1
174.34448657758008,34,4,0.0,0
192.681083658983,72,5,1.0,0
172.05812971202494,53,4,0.0,0
272.567422851668,1127,15,2.0,1
264.8074772358213,1727,16,2.0,1
123.87493693237546,47,4,0.0,0
179.2930561957155,66,6,0.0,0
179.36833611315015,22,4,0.0,0
265.29040691287724,860,22,2.0,1
265.79503381365123,1079,24,2.0,1
287.74989139876317,1315,25,2.0,1
221.72054483064937,236,10,1.0,0
172.42969581832475,38,4,0.0,0
219.5267637441959,1526,22,1.0,1
212.1061055226841,369,11,1.0,0
155.8172005909489,263,8,0.0,0
268.8084820090319,1525,20,2.0,1
266.2442487641752,960,13,2.0,1
262.9486641913208,535,16,2.0,0
175.57904202950874,56,6,0.0,0
250.06999020274304,398,13,2.0,0
257.7324193810317,1377,18,2.0,1
301.76977979910447,1474,25,2.0,1
203.56080172764106,32,4,1.0,0
249.99799999199993,222,10,2.0,0
194.1571528427423,84,6,1.0,0
244.1188235265769,499,16,2.0,0
255.91404807083177,1045,24,2.0,1
152.55163060419906,46,4,0.0,0
86.60254037844386,18,3,0.0,0
194.86148926865974,30,4,1.0,0
265.83077323741134,1076,15,2.0,1
264.64693461289136,1244,16,2.0,1
219.24871721403525,504,16,1.0,0
275.6900433457835,1722,21,2.0,1
175.56195487633417,51,4,0.0,0
177.8370040233472,86,5,0.0,0
286.38610301479366,729,16,2.0,1
295.247353925484,1298,24,2.0,1
293.9795911283639,1226,27,2.0,1
175.14279888136994,62,4,0.0,0
266.3156022466577,1363,19,2.0,1
257.49368924305696,1286,18,2.0,1
197.45379206285202,348,12,1.0,0
256.8423641068583,495,16,2.0,0
186.61189672687001,23,3,1.0,0
159.71537183377185,101,6,0.0,0
275.53947085671774,1295,17,2.0,1
265.2470546490573,1706,25,2.0,1
245.93088459971838,507,16,2.0,0
266.49953095643525,1453,18,2.0,1
230.76611536358627,436,12,1.0,0
252.97825993551302,1168,24,2.0,1
168.64163187066237,63,5,0.0,0
189.36736783300339,49,4,1.0,0
277.20389607651623,1130,16,2.0,1
262.0248079858089,1196,17,2.0,1
203.59764242249958,16,3,1.0,0
202.53394777172542,217,9,1.0,0
231.8641843838759,325,11,1.0,0
171.56631370988887,180,7,0.0,0
228.4797584032336,939,26,1.0,1
288.5706152746672,1392,19,2.0,1
254.87447891069831,1009,14,2.0,1
226.67487730227185,47,6,1.0,0
173.43874999549553,42,4,0.0,0
240.43918149918912,802,20,1.0,1
178.21616088334974,98,7,0.0,0
324.7629905023046,1724,30,2.0,1
272.0367622215792,1658,14,2.0,1
140.19985734657507,84,6,0.0,0
243.4994866524363,507,16,2.0,0
267.3929692419006,795,24,2.0,1
213.91353393369013,68,5,1.0,0
84.52218643646175,416,25,0.0,0
289.3354454608007,926,23,2.0,1
255.55429951382152,1211,27,2.0,1
281.8794068391659,1401,15,2.0,1
143.24105556718018,25,4,0.0,0
266.7639405916774,960,23,2.0,1
49.467160824126545,1730,28,0.0,1
258.1937257177254,1289,18,2.0,1
164.17673403987544,17,3,0.0,0
130.10380470993152,53,7,0.0,0
205.32900428336958,140,7,1.0,0
227.52142756232874,275,10,1.0,0
249.11443153699466,450,14,2.0,0
205.50182480941623,37,4,1.0,0
250.99402383323792,463,14,2.0,0
242.2643184622944,395,14,1.0,0
139.3341307792172,32,4,0.0,0
155.15153882575578,23,3,0.0,0
169.38417871808454,34,4,0.0,0
274.3373835261975,1743,16,2.0,1
204.85848774214847,54,4,1.0,0
209.94761251321722,41,5,1.0,0
248.64633518312712,424,14,2.0,0
259.57850450297303,957,13,2.0,1
221.17413953715294,62,5,1.0,0
152.4073489041785,40,5,0.0,0
248.39834771896977,396,12,2.0,0
270.06147671712347,980,20,2.0,1
276.58349548993334,979,22,2.0,1
175.2258031835549,80,5,0.0,0
130.55810470093698,126,6,0.0,0
266.1659831537136,908,20,2.0,1
227.79839850662268,630,17,1.0,0
97.83045489123381,102,7,0.0,0
232.54111420820524,1030,24,1.0,1
206.40777377647478,74,5,1.0,0
233.6802474818334,192,8,1.0,0
176.6507081282749,76,5,0.0,0
156.4414160732431,26,3,0.0,0
155.4500500651405,93,6,0.0,0
253.12565656713588,919,22,2.0,1
215.50582207214507,77,5,1.0,0
108.24704733154054,16,3,0.0,0
197.59573043758144,340,11,1.0,0
158.8562310071774,46,5,0.0,0
176.3065090990302,45,4,0.0,0
157.2138293980162,41,5,0.0,0
122.0221135847864,53,4,0.0,0
181.81000067502728,131,6,0.0,0
165.8249520607079,20,3,0.0,0
151.9029911104786,72,5,0.0,0
235.3083656105807,210,9,1.0,0
217.7368176781268,22,3,1.0,0
253.8675069732603,1069,21,2.0,1
236.13701571040366,1656,5,1.0,1
123.13831266023662,88,7,0.0,0
206.92938834219623,75,5,1.0,0
164.71231953797698,17,3,0.0,0
157.3119344386163,87,5,0.0,0
182.43091369530273,34,4,0.0,0
91.69921792265363,100,6,0.0,0
252.05229044412152,1341,17,2.0,1
163.3347280830716,20,3,0.0,0
256.8093171205365,430,13,2.0,0
292.35310942523074,2170,21,2.0,1
248.89823430521182,544,14,2.0,0
86.60254037844386,110,6,0.0,0
229.7223017742401,367,11,1.0,0
189.95924461031137,28,3,1.0,0
155.73151459938776,42,4,0.0,0
284.50210040982984,944,17,2.0,1
293.3923079267744,1152,16,2.0,1
176.4545575503109,207,9,0.0,0
182.28638622618675,79,5,0.0,0
126.1547171511415,101,5,0.0,0
192.38012844936102,61,5,1.0,0
123.14803812282992,89,6,0.0,0
286.9594682161185,1877,23,2.0,1
156.0887002990162,41,5,0.0,0
209.28294725911283,831,21,1.0,1
203.70245878356724,180,8,1.0,0
273.8687270699404,820,20,2.0,1
208.035076401642,542,15,1.0,0
176.8965092800051,46,4,0.0,0
254.15255045004224,333,11,2.0,0
228.19528318607536,701,17,1.0,0
271.84070903871134,1591,19,2.0,1
95.81362042265094,101,7,0.0,0
156.204939665157,30,3,0.0,0
202.79731383770357,51,4,1.0,0
175.87378123834264,80,5,0.0,0
246.7918802442005,1055,20,2.0,1
162.75748830699004,210,9,0.0,0
213.71201755086489,433,13,1.0,0
133.4532767067918,35,5,0.0,0
198.14003181096749,177,8,1.0,0
150.70033288317686,96,5,0.0,0
231.24687358568755,367,11,1.0,0
282.6420634894723,2202,21,2.0,1
146.839288262134,79,5,0.0,0
122.63360783947223,48,4,0.0,0
164.747092142338,17,3,0.0,0
186.0837425508316,563,16,1.0,0
124.62450274977967,90,7,0.0,0
281.9295728936107,1331,19,2.0,1
126.0297921630505,97,6,0.0,0
271.80992941348967,1192,23,2.0,1
150.4460036026215,96,5,0.0,0
170.2036168316312,41,4,0.0,0
235.3047541056916,534,14,1.0,0
193.59849192428396,106,6,1.0,0
228.29861767887132,17,3,1.0,0
177.97845423706073,67,5,0.0,0
281.03956100756324,2174,19,2.0,1
210.76758319389748,332,11,1.0,0
220.009481539783,1048,23,1.0,1
122.1048208372015,29,4,0.0,0
276.8434195155531,1016,18,2.0,1
215.20812168422913,817,15,1.0,1
128.62358121458257,114,6,0.0,0
242.78847639562065,1071,24,1.0,1
161.4771157793112,217,9,0.0,0
158.70441219422884,45,5,0.0,0
236.11772771834276,607,15,1.0,0
256.54264556587617,687,14,2.0,0
163.54629444970456,21,3,0.0,0
175.80318731848112,42,4,0.0,0
163.66113429915174,14,3,0.0,0
192.0142483586137,63,5,1.0,0
125.01324947430456,97,5,0.0,0
262.2095729222761,1164,20,2.0,1
124.5338102922904,64,5,0.0,0
231.8725507154542,941,25,1.0,1
237.73944134383328,724,17,1.0,1
174.89733709545905,80,5,0.0,0
156.04006827451906,102,6,0.0,0
242.06895966555396,763,19,1.0,1
161.5269224504813,18,3,0.0,0
276.7197737682667,1315,17,2.0,1
238.8132511095955,679,17,1.0,0
98.27150936801218,30,4,0.0,0
211.95950955931065,54,5,1.0,0
106.63239394085133,106,7,0.0,0
161.52504271363253,20,3,0.0,0
126.37977271625749,37,5,0.0,0
155.7623502085684,45,4,0.0,0
284.46943201273143,792,21,2.0,1
163.99348522002236,29,3,0.0,0
151.97821019015782,100,5,0.0,0
123.0913716150502,64,6,0.0,0
124.10137128317454,101,6,0.0,0
179.50457057888212,70,5,0.0,0
140.38937367197653,54,5,0.0,0
147.6817322713379,65,5,0.0,0
280.12841909975884,1317,19,2.0,1
93.56554786343793,39,5,0.0,0
128.84745980938078,35,5,0.0,0
155.8170269904931,79,4,0.0,0
122.84759100255121,64,6,0.0,0
224.24771715749293,429,13,1.0,0
154.01620080947583,78,5,0.0,0
153.7060313097132,79,6,0.0,0
165.20015778817745,18,3,0.0,0
289.31709284119137,1401,18,2.0,1
252.30074921841447,963,22,2.0,1
282.4547712298562,1486,19,2.0,1
267.2216165786266,559,14,2.0,0
118.81182241748425,60,4,0.0,0
247.1243244750678,480,14,2.0,0
243.3444412190354,726,19,2.0,1
134.40872506256287,51,6,0.0,0
123.06399542056161,64,6,0.0,0
218.02118179335386,184,7,1.0,0
148.15323445031447,54,5,0.0,0
132.17109849466638,60,6,0.0,0
142.43352071746895,51,5,0.0,0
246.22613184800193,1071,23,2.0,1
256.16379572630655,1239,17,2.0,1
142.88092259589106,30,3,0.0,0
279.6573229865257,1318,17,2.0,1
249.6748070711864,1241,18,2.0,1
178.24213378582164,51,4,0.0,0
196.90187686934013,60,5,1.0,0
157.37237537142278,77,5,0.0,0
145.73301007272005,88,5,0.0,0
174.40601917635558,45,4,0.0,0
247.44072334993407,552,16,2.0,0
163.00612946364947,16,3,0.0,0
222.51898719150088,582,14,1.0,0
120.06041127121325,60,4,0.0,0
158.14230171696502,28,3,0.0,0
156.82473401080983,21,3,0.0,0
269.30652449169355,2016,19,2.0,1
111.35230878646585,29,4,0.0,0
203.37077143050507,24,3,1.0,0
198.09093593096176,340,11,1.0,0
158.7125305932739,19,3,0.0,0
157.69624652015068,248,8,0.0,0
222.55292308930083,80,5,1.0,0
159.92888224704893,54,5,0.0,0
137.89739587063718,36,3,0.0,0
227.34999315070243,1050,22,1.0,1
174.1286940923871,39,4,0.0,0
242.75207348886286,774,16,1.0,1
188.20636279801957,66,5,1.0,0
177.79402173980338,126,6,0.0,0
125.52156362948578,26,3,0.0,0
126.24910013492509,59,6,0.0,0
192.3584778221907,577,14,1.0,0
184.5298240223014,137,6,0.0,0
280.476876471214,1360,24,2.0,1
219.92822790363044,330,12,1.0,0
158.7685020319394,30,3,0.0,0
124.63836416461172,62,6,0.0,0
195.450631543301,111,6,1.0,0
128.71948393405313,35,5,0.0,0
220.5063919111696,385,11,1.0,0
138.1014779034856,63,5,0.0,0
255.0228860049326,566,16,2.0,0
248.97671605996024,804,15,2.0,1
150.08368856588248,67,5,0.0,0
157.9991258503295,33,4,0.0,0
276.11525181025445,957,22,2.0,1
225.70021863150887,697,17,1.0,0
205.8788410793384,181,8,1.0,0
286.92820630680603,2222,21,2.0,1
116.28076296131448,29,4,0.0,0
142.51699234664065,81,5,0.0,0
229.56164361739238,725,18,1.0,1
237.55169565801012,338,11,1.0,0
119.93269581502014,60,4,0.0,0
142.0161674645937,33,3,0.0,0
158.8943465230152,19,3,0.0,0
291.1742770860996,1923,23,2.0,1
258.97252001536043,1212,27,2.0,1
193.09065228539677,23,3,1.0,0
277.05509223445176,1278,19,2.0,1
155.53934281000724,77,5,0.0,0
103.94312803072093,31,4,0.0,0
154.0144680806775,78,5,0.0,0
258.25870574186825,948,21,2.0,1
210.54208487195555,182,7,1.0,0
261.5017863087149,903,20,2.0,1
86.60254037844386,60,5,0.0,0
252.8640519628462,316,11,2.0,0
192.50377966767732,23,3,1.0,0
169.1866312880857,42,4,0.0,0
157.8468246338882,28,3,0.0,0
156.1758208116624,24,3,0.0,0
138.0755835215407,35,4,0.0,0
277.2319705447686,1571,22,2.0,1
86.60254037844386,53,6,0.0,0
250.60993398880484,1239,18,2.0,1
146.07933324897124,29,3,0.0,0
175.87903617737186,42,4,0.0,0
125.28081822435922,41,5,0.0,0
88.74826990199875,51,6,0.0,0
125.8822874187049,100,5,0.0,0
156.81342804441474,28,3,0.0,0
275.12720274034865,1936,24,2.0,1
291.91516708898206,1153,16,2.0,1
142.1385567587659,30,3,0.0,0
222.04224645855243,368,11,1.0,0
252.35031003619463,584,14,2.0,0
142.99764058097207,30,3,0.0,0
181.78656289054453,79,5,0.0,0
190.97859788178698,201,8,1.0,0
145.82198246382052,88,5,0.0,0
146.34001463420088,55,5,0.0,0
124.38610209692027,62,6,0.0,0
123.48894042888479,91,6,0.0,0
132.3583674652588,18,3,0.0,0
228.77168432791885,20,3,1.0,0
219.93414950761849,366,11,1.0,0
240.27898290843862,688,17,1.0,0
124.23593440474593,94,6,0.0,0
276.21837449537713,801,21,2.0,1
190.95531135000377,103,6,1.0,0
155.8091828978187,102,6,0.0,0
231.4780446516676,271,11,1.0,0
285.1348277627157,1495,20,2.0,1
203.26812497884362,487,14,1.0,0
86.60254037844386,109,6,0.0,0
189.26672335954612,209,8,1.0,0
239.50770987467243,722,19,1.0,1
139.17164329690206,35,3,0.0,0
194.07834591890798,23,3,1.0,0
158.99329304083588,50,5,0.0,0
212.17109565256854,338,11,1.0,0
233.9843011034706,1062,23,1.0,1
199.86125910336966,76,5,1.0,0
212.1664994913908,179,7,1.0,0
156.6967391780646,78,4,0.0,0
263.951037770248,559,14,2.0,0
146.82053850634495,27,3,0.0,0
148.82989945222312,62,5,0.0,0
200.5924937499701,178,8,1.0,0
267.97810744951835,986,20,2.0,1
234.80570186891563,692,15,1.0,0
251.99869028796132,581,14,2.0,0
286.926218400103,2244,21,2.0,1
129.36670958108064,62,5,0.0,0
269.67448694687107,1189,22,2.0,1
215.70522181479578,23,3,1.0,0
266.4087085815566,1068,19,2.0,1
260.99939004848915,1069,20,2.0,1
195.39344706571748,175,8,1.0,0
270.9774804669676,1061,17,2.0,1
109.01526851252615,16,3,0.0,0
157.02640354837183,29,4,0.0,0
227.97642252174728,18,3,1.0,0
262.01841891474413,950,21,2.0,1
200.9828039483098,178,8,1.0,0
119.53840132272379,29,4,0.0,0
190.53338105932994,64,5,1.0,0
118.34418165588217,59,4,0.0,0
232.39106257144647,805,13,1.0,1
113.7987798418242,98,7,0.0,0
255.26292824922714,1179,24,2.0,1
140.1921580728838,35,4,0.0,0
191.63381984769148,198,8,1.0,0
149.68184941195508,94,5,0.0,0
237.63090842203238,720,17,1.0,1
297.5996436973626,2030,23,2.0,1
250.42667587467787,1346,17,2.0,1
296.13719160667205,800,21,2.0,1
195.29907688629183,23,3,1.0,0
161.1535098276424,20,3,0.0,0
205.80109606907263,175,7,1.0,0
192.11326702193222,104,6,1.0,0
145.15271854470276,46,5,0.0,0
161.397866012266,58,5,0.0,0
153.64853096630975,79,6,0.0,0
266.8099066006969,919,20,2.0,1
198.6438150011357,63,4,1.0,0
102.25644573525359,21,3,0.0,0
202.4934882887232,69,4,1.0,0
224.5540128891179,693,17,1.0,0
189.76942698916628,169,7,1.0,0
286.4653540777831,1384,24,2.0,1
195.5206942842859,77,6,1.0,0
157.46118509041713,80,4,0.0,0
202.72066685340218,26,3,1.0,0
158.06441238620218,74,5,0.0,0
123.70936291451476,29,4,0.0,0
179.26763255875272,66,5,0.0,0
145.10934212007652,28,3,0.0,0
229.76385145867152,367,11,1.0,0
159.06284791850024,53,5,0.0,0
284.2609256352004,756,14,2.0,1
157.5332807340344,79,4,0.0,0
197.79447362147286,57,5,1.0,0
214.70758997095933,77,4,1.0,0
201.60954162414797,76,5,1.0,0
153.72854711078529,38,5,0.0,0
268.4799554387678,816,19,2.0,1
222.53029426819862,367,11,1.0,0
244.47002466495084,1071,23,2.0,1
89.15824392596399,53,4,0.0,0
121.29108389287063,97,6,0.0,0
156.27130638085237,28,3,0.0,0
178.1317423268028,68,5,0.0,0
239.56353404787154,696,17,1.0,0
229.99193138333493,367,11,1.0,0
159.08817545151481,53,5,0.0,0
229.57882260133417,367,11,1.0,0
164.03894227527863,56,5,0.0,0
159.06721037863693,51,5,0.0,0
275.7608167422522,956,22,2.0,1
157.74029288675737,80,4,0.0,0
261.05645763866016,694,13,2.0,0
265.1569407565171,1183,22,2.0,1
173.41252342732466,47,4,0.0,0
161.17591436966464,73,5,0.0,0
259.2995596531834,1856,24,2.0,1
145.0838653697248,58,5,0.0,0
123.88436904930235,30,4,0.0,0
209.01495369926468,333,11,1.0,0
179.85256135074928,66,6,0.0,0
153.29006313962594,84,5,0.0,0
162.74315043970188,210,8,0.0,0
156.57033112619214,27,3,0.0,0
254.76736159207547,580,14,2.0,0
124.29410286585173,90,7,0.0,0
269.4689271994481,1838,24,2.0,1
237.27236034184355,226,9,1.0,0
184.73196199643021,217,8,1.0,0
86.84761451876297,52,6,0.0,0
237.0188538708641,1066,24,1.0,1
244.2357346329111,346,11,2.0,0
123.31903119286828,100,6,0.0,0
282.76120428765773,764,15,2.0,1
224.9799226394754,368,11,1.0,0
109.78403542779334,14,3,0.0,0
140.68617989883458,31,3,0.0,0
158.73770618673208,31,4,0.0,0
208.35742922103,24,3,1.0,0
121.37306571525389,29,4,0.0,0
142.60317088601923,81,6,0.0,0
233.35920396107807,197,8,1.0,0
266.47573409284263,1362,18,2.0,1
272.57487002397335,1841,24,2.0,1
280.0003516949081,1364,23,2.0,1
289.3202272451836,1298,24,2.0,1
92.66623868085154,34,4,0.0,0
149.11754666407538,26,3,0.0,0
193.99953097013108,565,15,1.0,0
143.72670708158827,29,3,0.0,0
107.42363849698908,29,4,0.0,0
113.45691174732625,58,4,0.0,0
237.6402463297182,724,17,1.0,1
210.72534297220665,109,6,1.0,0
176.6575570786319,46,4,0.0,0
241.00662313349667,690,17,1.0,0
286.6646545140643,1852,24,2.0,1
302.0984448628594,811,21,2.0,1
189.34438522400495,209,8,1.0,0
227.30820820791155,179,7,1.0,0
260.09602560348105,598,17,2.0,0
229.62119676095458,28,3,1.0,0
162.56142655541282,67,6,0.0,0
110.34037524832081,17,3,0.0,0
245.20206936336643,900,22,2.0,1
141.2955328729493,45,4,0.0,0
233.27796547051844,181,8,1.0,0
243.88450454295383,443,14,2.0,0
97.9062259302935,102,6,0.0,0
266.7185839972945,1361,18,2.0,1
178.0540565903763,71,5,0.0,0
203.21752513073784,173,8,1.0,0
252.33979175615485,1214,26,2.0,1
264.5152700886056,563,14,2.0,0
107.77938642451477,29,4,0.0,0
233.11901797579193,1714,6,1.0,1
272.75055446779817,980,21,2.0,1
194.2480426182631,31,3,1.0,0
151.39224298532133,79,6,0.0,0
153.87030179830631,41,4,0.0,0
125.86526813664152,35,5,0.0,0
177.27688752440127,86,5,0.0,0
158.6817574941345,234,9,0.0,0
160.87197613491657,13,3,0.0,0
89.70171860433472,119,7,0.0,0
120.75082409317756,95,7,0.0,0
193.09065228539677,23,3,1.0,0
255.797185459447,1166,22,2.0,1
164.78495701709875,17,3,0.0,0
233.7054217506173,201,9,1.0,0
295.55729544408905,2058,22,2.0,1
280.8638823663107,1361,25,2.0,1
205.26889511098253,73,4,1.0,0
239.6790379126695,725,18,1.0,1
273.86627260433266,562,16,2.0,0
215.5903937633762,581,14,1.0,0
146.34600584916294,80,6,0.0,0
123.32164657354772,64,6,0.0,0
177.5471558579214,59,5,0.0,0
256.56963490429956,1765,12,2.0,1
239.37606253850933,683,17,1.0,0
289.16707909545386,2007,23,2.0,1
243.98107525282296,549,16,2.0,0
200.0354279643564,53,4,1.0,0
157.54992178074468,83,4,0.0,0
153.26371900874406,27,3,0.0,0
199.28666175741697,24,3,1.0,0
216.00728006331286,175,8,1.0,0
198.02333963207406,63,5,1.0,0
91.78682640938727,100,6,0.0,0
167.05533090288333,26,3,0.0,0
280.9388023597693,1461,23,2.0,1
299.0103349028604,1248,21,2.0,1
178.6903596788587,67,5,0.0,0
303.5390143276881,811,20,2.0,1
286.94917178377113,1990,22,2.0,1
234.61024871906878,945,25,1.0,1
150.4460036026215,96,5,0.0,0
124.83688547648647,61,6,0.0,0
256.3131699622164,1282,17,2.0,1
175.05129182786135,80,5,0.0,0
205.18468680194758,73,4,1.0,0
96.12758409594736,46,5,0.0,0
156.82180309554482,78,4,0.0,0
126.54316022474309,56,5,0.0,0
158.02949266922693,49,4,0.0,0
139.61594515714228,82,6,0.0,0
206.12991808303488,349,11,1.0,0
270.1872236439566,1363,20,2.0,1
249.0746893214535,1082,22,2.0,1
240.79575326709548,726,18,1.0,1
109.31444008356192,58,4,0.0,0
257.70853513678725,561,16,2.0,0
221.95314115104685,77,5,1.0,0
265.7259779373875,1584,18,2.0,1
159.96610913843224,18,3,0.0,0
232.66172260813397,366,12,1.0,0
218.0790501345028,109,6,1.0,0
275.75323517917883,1209,23,2.0,1
117.27372948979254,58,4,0.0,0
86.60254037844386,46,6,0.0,0
157.55313335431828,42,5,0.0,0
163.9273083989823,18,3,0.0,0
210.53699454112612,77,5,1.0,0
252.02431903242052,581,14,2.0,0
112.60179182717684,29,4,0.0,0
254.68279659825637,567,16,2.0,0
239.16572743039205,701,17,1.0,0
283.1042746691382,1313,25,2.0,1
201.6879065390637,76,6,1.0,0
222.73757708348793,341,11,1.0,0
227.0093067675162,693,16,1.0,0
233.78253895574596,195,8,1.0,0
87.30001522221407,35,4,0.0,0
154.0125728770451,79,5,0.0,0
113.25437189258508,29,4,0.0,0
281.4065488653499,939,18,2.0,1
280.6587505367596,1376,23,2.0,1
196.02450543193876,176,8,1.0,0
257.67032046204014,1619,13,2.0,1
268.59138586084504,1327,17,2.0,1
177.98496502569748,64,6,0.0,0
175.1623764185465,44,4,0.0,0
187.29586134081796,66,6,1.0,0
164.86794320793564,17,3,0.0,0
127.19820296960576,105,5,0.0,0
146.4564825086643,48,5,0.0,0
288.987797043517,1380,18,2.0,1
218.8873900310178,85,5,1.0,0
163.79681593148263,29,4,0.0,0
228.9543579709579,937,25,1.0,1
233.94745393015774,716,18,1.0,0
214.19857909657705,818,16,1.0,1
253.32122543392234,824,21,2.0,1
146.6083513295685,48,5,0.0,0
211.18925064117855,332,11,1.0,0
198.30874056295008,55,5,1.0,0
168.4773648821636,28,3,0.0,0
227.70050558416688,18,3,1.0,0
140.62415118777537,61,5,0.0,0
169.4580015248214,42,4,0.0,0
89.06434615278384,118,7,0.0,0
155.73309657822102,43,4,0.0,0
158.9782980894654,53,5,0.0,0
298.27054048222334,2042,23,2.0,1
284.60284504167305,1984,23,2.0,1
259.7934110533079,1235,17,2.0,1
275.76975372011196,1067,17,2.0,1
152.89584797476425,268,10,0.0,0
172.88524077455796,200,8,0.0,0
238.65956739113892,446,14,1.0,0
167.0380363195255,56,4,0.0,0
125.31259427091167,61,6,0.0,0
157.74029288675737,80,4,0.0,0
162.26031608946263,65,6,0.0,0
160.10776602817708,13,3,0.0,0
247.5781100224462,1250,16,2.0,1
157.80919084369148,43,5,0.0,0
189.34566301301965,29,3,1.0,0
217.36512740160177,74,4,1.0,0
146.37124406445156,47,5,0.0,0
166.38924857524736,57,5,0.0,0
242.2089932420399,750,20,1.0,1
154.11431906147845,102,6,0.0,0
122.85796756484095,63,5,0.0,0
157.10813214584854,76,5,0.0,0
285.9005646957773,1066,16,2.0,1
291.6281253508954,1153,16,2.0,1
185.47649224551918,210,9,1.0,0
180.832679480761,223,9,0.0,0
268.7396708316694,1283,18,2.0,1
179.1008716735673,35,3,0.0,0
212.07087403121744,83,6,1.0,0
146.26772223279923,57,5,0.0,0
150.4460036026215,96,5,0.0,0
231.97120601182195,366,12,1.0,0
280.3849395373387,1312,25,2.0,1
271.87187783569857,1367,21,2.0,1
275.2373331900752,2011,19,2.0,1
209.2888404239234,333,11,1.0,0
203.6201584231369,24,3,1.0,0
268.262792532803,559,14,2.0,0
276.1362901971681,812,20,2.0,1
164.47250957580462,16,3,0.0,0
213.93789871512953,76,4,1.0,0
276.6239411585328,806,20,2.0,1
88.56392672040094,53,6,0.0,0
160.36914484644967,18,3,0.0,0
123.91804083264738,92,6,0.0,0
89.03135795732122,118,7,0.0,0
299.7179998845169,813,20,2.0,1
163.03314006938857,44,5,0.0,0
294.6249628503017,960,17,2.0,1
158.97512501914855,32,4,0.0,0
184.57688036441425,79,5,1.0,0
197.58788851750964,74,4,1.0,0
159.7395326168023,49,5,0.0,0
185.2937464968017,32,4,1.0,0
246.69046246108738,825,21,2.0,1
164.65694282552982,22,3,0.0,0
210.7587121546595,179,8,1.0,0
151.91097307923823,64,5,0.0,0
191.07801950887878,26,3,1.0,0
154.39828161911115,80,5,0.0,0
173.58633491008717,206,9,0.0,0
274.0013803538417,819,21,2.0,1
231.5366058978619,931,25,1.0,1
262.6874224233204,575,15,2.0,0
260.13685127911054,1059,19,2.0,1
280.54315993025756,1376,23,2.0,1
229.93138927264326,341,11,1.0,0
310.4006563428163,808,21,2.0,1
158.63243829330895,31,4,0.0,0
249.72097741162986,960,22,2.0,1
142.56142965096197,33,3,0.0,0
126.56589751032696,25,3,0.0,0
265.0312942871914,428,13,2.0,0
125.99173660175636,36,4,0.0,0
255.7671663424582,1106,20,2.0,1
154.96039964144117,43,4,0.0,0
256.0511322781788,1352,17,2.0,1
196.2421630007849,30,3,1.0,0
252.38070222221708,338,11,2.0,0
161.86882819592523,18,3,0.0,0
165.76286093577508,58,5,0.0,0
153.7918816156246,262,10,0.0,0
162.16231238278505,70,5,0.0,0
257.30301921491423,701,15,2.0,0
86.60254037844386,60,5,0.0,0
124.23910464498871,63,5,0.0,0
184.29682052693482,576,15,0.0,0
284.64738948592566,2055,20,2.0,1
128.27105934313278,112,6,0.0,0
284.89639604892915,1405,24,2.0,1
108.41570875429879,58,4,0.0,0
98.94711616497858,46,5,0.0,0
193.89212295916255,188,8,1.0,0
275.27077578268273,823,20,2.0,1
242.07670172945248,760,20,1.0,1
187.2404736513334,175,8,1.0,0
86.60254037844386,110,6,0.0,0
156.1506823753959,30,3,0.0,0
227.18217140746916,368,11,1.0,0
240.68548139386854,726,18,1.0,1
258.72351160879526,573,14,2.0,0
202.14760303048664,174,8,1.0,0
247.25540424052275,1063,22,2.0,1
163.70315070522958,30,4,0.0,0
291.43046752718544,1378,20,2.0,1
124.34631364987263,62,6,0.0,0
155.90262845322428,28,3,0.0,0
138.98920441837575,33,4,0.0,0
179.51467122510144,66,6,0.0,0
86.60254037844386,106,6,0.0,0
133.99436740898318,20,3,0.0,0
224.96108044774752,334,12,1.0,0
158.71956025064011,47,5,0.0,0
279.57554693347447,1952,20,2.0,1
119.44896457404735,29,4,0.0,0
290.4222683795411,1910,23,2.0,1
198.6097832883296,178,8,1.0,0
188.856735569632,30,4,1.0,0
162.75748830699004,210,9,0.0,0
278.2188466372276,1176,17,2.0,1
260.10781985530895,818,21,2.0,1
194.05598683462517,28,3,1.0,0
142.96155598245116,81,6,0.0,0
175.46277048602585,80,5,0.0,0
194.02618157730942,76,5,1.0,0
252.58075559051986,1189,25,2.0,1
246.451668384222,593,14,2.0,0
267.17505070906066,676,13,2.0,0
290.20486033015266,1396,18,2.0,1
260.0822082176814,760,17,2.0,1
276.48398950246616,979,22,2.0,1
161.63390021663156,60,5,0.0,0
158.82418861862226,46,5,0.0,0
251.86434337797343,622,16,2.0,0
269.72774358805236,2021,18,2.0,1
86.60254037844386,56,6,0.0,0
241.4971298467311,692,15,1.0,0
259.0668243423382,1199,26,2.0,1
258.34991728138925,899,20,2.0,1
272.73004063927465,978,19,2.0,1
118.17405179444742,57,4,0.0,0
211.9253516440996,351,11,1.0,0
121.92553104967298,62,5,0.0,0
211.52688711941227,179,7,1.0,0
160.50218903993908,20,3,0.0,0
267.89186511205145,1283,18,2.0,1
162.0532530723575,19,3,0.0,0
166.84828505083982,25,3,0.0,0
125.49456992044638,98,5,0.0,0
139.8357519244661,31,3,0.0,0
272.63204283943736,1363,21,2.0,1
203.02863963504748,74,5,1.0,0
192.43291641466905,31,3,1.0,0
124.63598931720806,62,6,0.0,0
251.41220803835517,586,14,2.0,0
226.7054210668804,699,17,1.0,0
164.63041728666443,29,3,0.0,0
144.0406212040646,58,5,0.0,0
223.44028848366926,1053,23,1.0,1
128.6888482557726,57,6,0.0,0
273.55025880243505,1338,17,2.0,1
227.44004288979576,712,17,1.0,0
274.13934312570757,821,20,2.0,1
89.8381874320086,111,7,0.0,0
120.84200198945865,94,7,0.0,0
153.6992514462961,77,5,0.0,0
224.6677629192564,90,5,1.0,0
154.9703118559801,80,5,0.0,0
109.53203849877143,19,3,0.0,0
277.0290540763309,1987,19,2.0,1
159.9569590825235,19,3,0.0,0
185.48965278712083,210,9,1.0,0
155.90417685297027,24,3,0.0,0
121.48775004430367,92,7,0.0,0
93.81315896069248,60,4,0.0,0
251.3034725314764,585,14,2.0,0
154.65650719633373,75,4,0.0,0
169.62843427990518,116,6,0.0,0
149.52643520757138,58,5,0.0,0
271.3275597274738,971,24,2.0,1
260.8190594485468,560,15,2.0,0
226.20190775218634,104,6,1.0,0
166.76069452740097,28,3,0.0,0
126.12095288564261,36,4,0.0,0
218.44864995266965,74,4,1.0,0
126.31854322108244,101,5,0.0,0
262.00727189458144,690,13,2.0,0
160.92804245017692,223,8,0.0,0
149.66104206357136,80,6,0.0,0
99.78910243104635,32,4,0.0,0
225.99933998022456,526,14,1.0,0
88.93404428946711,100,6,0.0,0
158.98819881457823,50,5,0.0,0
155.87736858747073,28,3,0.0,0
194.6725910202086,52,4,1.0,0
218.48125733586505,184,7,1.0,0
140.94816453800658,55,5,0.0,0
192.1452824367448,23,3,1.0,0
170.73762171903957,51,4,0.0,0
120.61924580881441,95,7,0.0,0
152.0665897329777,65,5,0.0,0
126.39700810663373,104,6,0.0,0
248.35944428547953,1056,20,2.0,1
124.2568869989816,63,5,0.0,0
286.4783059494722,818,20,2.0,1
226.57696347901407,298,11,1.0,0
141.83600287863024,47,5,0.0,0
216.6656727367319,45,4,1.0,0
159.46171063261116,31,3,0.0,0
249.41788261239773,1343,17,2.0,1
176.52537078002484,38,4,0.0,0
117.6466911518985,57,4,0.0,0
268.1245521728445,1328,17,2.0,1
126.53234369639483,36,4,0.0,0
154.0171142009574,77,5,0.0,0
233.4746964379891,187,8,1.0,0
147.93103169641736,78,5,0.0,0
258.59973517204173,1336,17,2.0,1
260.52054788312154,695,13,2.0,0
158.39991299443128,49,4,0.0,0
233.45382801072574,532,14,1.0,0
160.92210473079984,18,3,0.0,0
252.29246015817682,1205,26,2.0,1
275.65263641646754,955,22,2.0,1
150.4460036026215,96,5,0.0,0
165.92133427155028,206,8,0.0,0
151.19865261653757,98,5,0.0,0
261.17608216487713,859,20,2.0,1
167.9095121751567,205,9,0.0,0
142.24916819922237,48,5,0.0,0
189.2832809529533,199,8,1.0,0
142.94174328348583,30,3,0.0,0
187.46405263123066,210,9,1.0,0
126.35574885320379,37,5,0.0,0
244.28315642442365,1071,23,2.0,1
184.67013333345602,576,15,1.0,0
226.9091930470498,20,3,1.0,0
146.80814482581786,63,5,0.0,0
250.70196192293284,886,20,2.0,1
258.6593452180691,327,11,2.0,0
144.4433031470658,58,5,0.0,0
139.16618952995086,40,4,0.0,0
157.94566497403824,17,3,0.0,0
205.25657274174895,73,4,1.0,0
122.40234294053263,94,7,0.0,0
86.60254037844386,120,7,0.0,0
124.56478033742934,63,5,0.0,0
161.2643637556783,52,5,0.0,0
150.44952995658656,96,5,0.0,0
273.34349052363103,565,17,2.0,0
272.53253874302277,1567,21,2.0,1
139.95231541563598,34,3,0.0,0
203.4261640453477,69,4,1.0,0
101.34181659724723,29,4,0.0,0
251.6514380425411,1266,16,2.0,1
226.17749708143504,104,6,1.0,0
283.47487408360234,1202,20,2.0,1
276.7989115497878,1278,19,2.0,1
252.69725982346822,1183,24,2.0,1
120.47224508004028,29,4,0.0,0
159.0518822998739,52,5,0.0,0
155.4277472649979,43,4,0.0,0
178.43106036566692,80,5,0.0,0
139.55507761040292,35,4,0.0,0
286.28871347066035,1305,25,2.0,1
149.4429879459451,94,5,0.0,0
200.35880385040747,608,17,1.0,0
152.16752886449055,64,5,0.0,0
155.9715778647744,77,5,0.0,0
212.55699144455076,75,5,1.0,0
123.09469227807746,64,6,0.0,0
163.3372893739909,61,5,0.0,0
237.22410437924873,327,11,1.0,0
93.51128231522402,48,6,0.0,0
176.34601002707507,83,5,0.0,0
209.22420148867224,24,3,1.0,0
122.46822938835199,65,6,0.0,0
283.97666113732055,758,14,2.0,1
149.2487182096937,44,4,0.0,0
158.36328276483493,14,3,0.0,0
165.72939720154176,24,3,0.0,0
262.6575884327151,1332,17,2.0,1
269.71027599623073,952,20,2.0,1
222.05662482852222,79,5,1.0,0
158.19044067990896,16,3,0.0,0
230.1689591140707,1059,23,1.0,1
248.6934913717946,1345,17,2.0,1
250.89665678761637,598,15,2.0,0
145.6127670049091,28,3,0.0,0
186.00403847375108,34,4,1.0,0
266.07850225788434,633,15,2.0,0
250.8564939288156,300,11,2.0,0
282.95946635039365,1337,20,2.0,1
86.60254037844386,59,5,0.0,0
96.35646885725092,106,7,0.0,0
237.88657936930113,696,17,1.0,0
153.84813594417253,81,5,0.0,0
286.9257445059045,2249,21,2.0,1
97.80757028953438,102,7,0.0,0
295.31741162187365,1152,16,2.0,1
196.00875112825975,540,16,1.0,0
283.79183578680585,759,14,2.0,1
201.09520477541156,26,3,1.0,0
215.64540782978287,182,7,1.0,0
113.38056921551568,29,4,0.0,0
265.1298207545759,1361,18,2.0,1
103.66796825676055,99,7,0.0,0
125.47984156324772,93,6,0.0,0
250.9422244262611,587,14,2.0,0
226.12598257159456,178,8,1.0,0
213.93977092000986,354,12,1.0,0
276.6015932765837,2124,22,2.0,1
280.33706736689106,1847,24,2.0,1
281.48665650210904,771,17,2.0,1
205.62266540793803,854,21,1.0,1
269.0904857586711,1255,17,2.0,1
123.41711577038299,105,7,0.0,0
154.84809685592828,64,5,0.0,0
272.32641583979654,1304,22,2.0,1
190.27801138999638,76,6,1.0,0
174.5708954714163,64,6,0.0,0
275.6877445047338,1358,23,2.0,1
184.1671237953015,210,9,0.0,0
137.30194667989295,26,3,0.0,0
171.10511018678147,44,4,0.0,0
163.35402704883734,13,3,0.0,0
176.7407518853391,76,5,0.0,0
233.6208004798143,739,19,1.0,1
151.81108809209888,36,4,0.0,0
156.04802930905188,27,3,0.0,0
86.60254037844386,40,5,0.0,0
158.68742729523547,47,5,0.0,0
162.36961474298315,69,5,0.0,0
196.02078515468153,556,15,1.0,0
274.0393955175253,826,20,2.0,1
161.12495337958086,29,4,0.0,0
153.12389354599048,73,5,0.0,0
192.99780821077422,24,3,1.0,0
272.2584207886809,1324,17,2.0,1
175.38024597047874,77,5,0.0,0
252.8543142230964,577,15,2.0,0
257.9226973280331,1193,25,2.0,1
236.32912572550526,1706,4,1.0,1
229.0725992553719,40,4,1.0,0
208.0712368582963,51,4,1.0,0
124.63349076193413,62,6,0.0,0
123.28682226444697,88,7,0.0,0
161.78165143582828,30,3,0.0,0
140.1699121190209,31,3,0.0,0
252.2206975217751,1752,10,2.0,1
268.29222805571754,562,17,2.0,0
250.28851819729542,1245,16,2.0,1
160.0666603146956,17,3,0.0,0
233.52226296317193,188,8,1.0,0
133.1247951325209,37,4,0.0,0
280.59068140197405,1552,22,2.0,1
246.68445467128097,684,15,2.0,0
305.856376130633,810,20,2.0,1
271.1651039200099,821,20,2.0,1
168.06377300811417,27,3,0.0,0
263.7642469951717,688,13,2.0,0
96.48727063470886,49,5,0.0,0
226.56945242214158,368,11,1.0,0
153.36107966098092,40,4,0.0,0
123.36790736908696,64,6,0.0,0
233.8589318371227,198,9,1.0,0
177.3254576729834,42,4,0.0,0
279.5363374075104,2153,19,2.0,1
232.76099962789547,176,8,1.0,0
276.47051832684565,1314,17,2.0,1
236.65253594746534,221,9,1.0,0
242.2366066377881,748,20,1.0,1
250.88504590748053,601,15,2.0,0
156.33486838245605,41,5,0.0,0
100.68174074690141,38,4,0.0,0
199.00101349162196,53,4,1.0,0
164.55481387969755,18,3,0.0,0
157.3535962244546,79,4,0.0,0
220.52139411904685,385,11,1.0,0
286.9616699142936,1853,24,2.0,1
288.4455002101009,1259,19,2.0,1
291.9168472250057,1382,18,2.0,1
288.3738421589007,1366,26,2.0,1
248.21289373753424,1245,17,2.0,1
275.3946042999513,1819,19,2.0,1
157.18091485846583,47,4,0.0,0
122.25687852834902,62,5,0.0,0
294.91079003472373,1985,23,2.0,1
86.60254037844386,101,6,0.0,0
92.36998377167319,44,4,0.0,0
156.92308209534423,41,5,0.0,0
153.48675505022166,102,6,0.0,0
252.16398288375697,1091,21,2.0,1
250.87011534366346,605,15,2.0,0
275.27077578268273,823,20,2.0,1
167.7889291118904,67,6,0.0,0
124.80419729701305,32,4,0.0,0
272.9782021295266,1067,18,2.0,1
205.28387065732292,350,11,1.0,0
205.21956459345148,350,11,1.0,0
175.4541971117215,80,5,0.0,0
209.1703524659985,539,15,1.0,0
256.3719254886727,1621,13,2.0,1
287.58907613873805,1192,19,2.0,1
197.48801309324185,603,16,1.0,0
117.4466196389092,58,4,0.0,0
161.71191236569598,233,9,0.0,0
166.91237431654793,56,4,0.0,0
175.3186539205058,62,5,0.0,0
201.82380035042783,174,8,1.0,0
176.08800710672676,49,4,0.0,0
86.60254037844386,110,6,0.0,0
176.43103689485264,38,4,0.0,0
185.63241876170224,29,3,1.0,0
207.23818557113407,176,7,1.0,0
256.25785470087175,1224,23,2.0,1
264.869764491228,1129,18,2.0,1
160.44187572046715,75,4,0.0,0
161.87852448710967,62,5,0.0,0
251.99332719345895,607,17,2.0,0
228.86781238774506,45,4,1.0,0
180.05780903097903,69,5,0.0,0
204.04822833757066,71,4,1.0,0
126.72811699271736,105,6,0.0,0
167.20487108558194,76,5,0.0,0
86.60254037844386,121,7,0.0,0
176.52407161282537,74,5,0.0,0
105.65117297077782,59,4,0.0,0
283.9642507940379,1850,24,2.0,1
250.9422244262611,587,14,2.0,0
243.60521753863014,683,16,2.0,0
160.6677786694802,20,3,0.0,0
148.2190950997139,26,3,0.0,0
212.86497472247353,180,8,1.0,0
160.2404651795167,20,3,0.0,0
277.1889878263213,799,20,2.0,1
240.61154780934407,254,10,1.0,0
229.24165823817253,352,12,1.0,0
204.76713571469602,76,5,1.0,0
240.4427017164772,799,11,1.0,1
228.15016825566312,48,4,1.0,0
125.34743988738475,98,5,0.0,0
86.60254037844386,57,5,0.0,0
270.5531600957159,560,15,2.0,0
156.38906245129857,25,3,0.0,0
201.69992149945915,345,11,1.0,0
126.30322818185961,36,4,0.0,0
154.47049434392684,33,4,0.0,0
141.84792558079062,34,4,0.0,0
186.9349622611436,176,8,1.0,0
245.45897474885402,899,22,2.0,1
257.5200887825297,817,21,2.0,1
199.72705387635813,339,11,1.0,0
122.54816898535796,62,5,0.0,0
277.5346538104151,1515,20,2.0,1
214.84821424680675,77,5,1.0,0
202.81752901051635,474,14,1.0,0
206.82857425871492,75,5,1.0,0
202.10502577622967,346,11,1.0,0
86.60254037844386,119,7,0.0,0
267.4507499397771,914,20,2.0,1
281.53413342316185,1519,20,2.0,1
289.9901373544513,951,17,2.0,1
211.40375127811322,440,13,1.0,0
159.90968888469214,14,3,0.0,0
135.87110055267482,49,5,0.0,0
238.28880630084487,729,19,1.0,1
159.94599208079106,51,5,0.0,0
281.9035465647405,1315,24,2.0,1
141.50605677795645,45,4,0.0,0
248.30903713366516,590,14,2.0,0
151.62518759400234,99,5,0.0,0
199.17951272242175,543,15,1.0,0
126.15783597169577,101,6,0.0,0
274.23017493609666,793,21,2.0,1
197.85229593778473,57,5,1.0,0
171.92618615528488,49,4,0.0,0
139.10381587528775,32,4,0.0,0
222.5223676156814,63,5,1.0,0
244.96450496922142,798,11,2.0,1
231.02122131560807,731,19,1.0,1
158.60317181099535,50,5,0.0,0
142.4946348232879,82,6,0.0,0
153.13180233936927,28,3,0.0,0
178.4238923361775,47,4,0.0,0
223.2821103941999,84,5,1.0,0
269.6518367617049,1327,17,2.0,1
278.26308151221036,1022,18,2.0,1
140.13138039907835,48,5,0.0,0
203.75905214875806,24,3,1.0,0
126.9654791704555,104,5,0.0,0
179.288578240726,88,5,0.0,0
159.84459644503966,76,4,0.0,0
155.1610146467882,102,6,0.0,0
273.1472208820766,632,14,2.0,0
202.91874581227142,524,16,1.0,0
165.1958010191216,219,9,0.0,0
93.68229883740636,48,6,0.0,0
205.3508455294882,181,8,1.0,0
282.2773383017938,1315,25,2.0,1
154.6268655381763,43,4,0.0,0
129.5744364646332,21,3,0.0,0
216.2153705010873,182,7,1.0,0
278.7107528900213,2053,19,2.0,1
201.78275493427515,76,5,1.0,0
122.74287964746726,64,6,0.0,0
160.5080565300575,55,5,0.0,0
190.62922256596647,208,8,1.0,0
247.8871772797108,803,14,2.0,1
158.61198268166598,13,3,0.0,0
152.25979587697017,88,5,0.0,0
86.64217041097554,118,7,0.0,0
124.44467529015613,62,6,0.0,0
119.05054458501506,61,4,0.0,0
123.2442867858307,64,6,0.0,0
91.11491118483262,114,7,0.0,0
229.9884259369057,1058,23,1.0,1
160.5755838992455,30,3,0.0,0
199.5512055393323,56,4,1.0,0
254.9450812163194,814,20,2.0,1
171.46763249491966,50,4,0.0,0
155.40985781902867,74,5,0.0,0
250.09560524477362,408,12,2.0,0
107.48117204394961,29,4,0.0,0
224.2960159274726,368,11,1.0,0
144.32477831391537,85,5,0.0,0
233.01971665135963,720,18,1.0,1
258.06644593709325,1288,17,2.0,1
156.91167010162053,244,10,0.0,0
253.49149972465312,574,15,2.0,0
157.05568380081823,41,5,0.0,0
269.08861554304445,1161,18,2.0,1
178.77174584281303,75,5,0.0,0
273.08549355895065,972,24,2.0,1
189.57432075533023,72,6,1.0,0
165.71795370442499,59,5,0.0,0
243.3018580121554,1071,23,2.0,1
275.64710292473717,976,19,2.0,1
86.79432069321435,118,7,0.0,0
259.7071931085412,1202,26,2.0,1
254.68785738981802,1843,24,2.0,1
86.60254037844386,109,6,0.0,0
157.33269741397078,79,4,0.0,0
153.16496133378848,98,5,0.0,0
228.5141513482437,29,3,1.0,0
259.7046604988667,812,21,2.0,1
225.45299415281218,23,3,1.0,0
250.87388804122486,604,15,2.0,0
155.55833689549203,101,6,0.0,0
153.6472763144327,41,4,0.0,0
125.30321686543117,34,4,0.0,0
293.8455954034589,815,20,2.0,1
186.86586648387456,28,3,1.0,0
86.60254037844386,113,6,0.0,0
230.8682985823505,1060,24,1.0,1
256.46693560288315,626,16,2.0,0
253.7680844864898,592,14,2.0,0
215.7813790063593,23,3,1.0,0
276.8614333445367,1169,17,2.0,1
96.23725488485807,54,6,0.0,0
207.50246803718966,483,14,1.0,0
211.2108565864882,356,11,1.0,0
163.0737048260565,18,3,0.0,0
263.72113337027156,905,20,2.0,1
145.04586419213837,58,5,0.0,0
270.38459153967466,2029,18,2.0,1
157.43996674128456,63,5,0.0,0
203.74046357697245,179,7,1.0,0
242.45614474732298,953,23,1.0,1
204.9093817566426,181,8,1.0,0
244.55081517397394,1071,23,2.0,1
250.9422244262611,587,14,2.0,0
121.33958642897034,51,4,0.0,0
127.4178875197762,63,5,0.0,0
159.40888522348314,54,5,0.0,0
283.27645696210993,817,21,2.0,1
265.126408487453,818,21,2.0,1
292.83955990975636,1124,16,2.0,1
157.1963851414272,260,8,0.0,0
230.1766702177391,728,18,1.0,1
124.79954588175592,101,5,0.0,0
155.35201668327363,264,10,0.0,0
239.53610753252417,683,17,1.0,0
107.3009823798269,14,3,0.0,0
189.84704040474344,170,7,1.0,0
221.08850728836072,186,7,1.0,0
266.16846343176024,571,15,2.0,0
192.91839634516776,116,6,1.0,0
169.7144513834537,77,5,0.0,0
89.30617124813377,115,7,0.0,0
154.99907869630968,21,3,0.0,0
235.84624833429297,282,11,1.0,0
254.34370976978724,877,20,2.0,1
228.19851945763241,693,16,1.0,0
244.14463034597716,388,12,2.0,0
233.2893017029169,181,8,1.0,0
225.887848252668,622,16,1.0,0
120.61942614140958,96,6,0.0,0
137.15545865374617,37,4,0.0,0
226.34093205677226,21,3,1.0,0
120.31245977505671,53,4,0.0,0
123.73992907553898,35,5,0.0,0
266.2517187048198,1180,20,2.0,1
92.48344055787103,49,6,0.0,0
156.07889698155003,25,3,0.0,0
217.4073645626425,421,12,1.0,0
248.39220910491238,691,14,2.0,0
266.5253806212935,678,13,2.0,0
283.09740676599654,1375,18,2.0,1
122.76038706052782,57,5,0.0,0
161.81948008880775,62,6,0.0,0
225.70368968020972,54,4,1.0,0
198.6393976399712,342,11,1.0,0
177.83896703251395,70,5,0.0,0
156.00198949416244,30,3,0.0,0
190.56963438586823,27,3,1.0,0
211.2946981334847,73,4,1.0,0
128.13015841606128,111,6,0.0,0
286.95478208412663,1929,23,2.0,1
227.84824970850727,18,3,1.0,0
177.15658578091308,47,4,0.0,0
86.60254037844386,47,6,0.0,0
156.61564925558196,80,4,0.0,0
234.32893097904554,497,15,1.0,0
101.16812097472099,23,3,0.0,0
233.63718220199524,687,17,1.0,0
154.20111628177622,33,4,0.0,0
185.7066075262349,187,8,1.0,0
285.2965998247153,1204,20,2.0,1
95.71245292613376,102,6,0.0,0
178.6897073611001,67,5,0.0,0
206.6676176492761,175,7,1.0,0
217.3509830483718,79,5,1.0,0
263.5986360695717,1128,18,2.0,1
301.37190821205445,803,21,2.0,1
255.7618203577724,596,14,2.0,0
191.40146049041638,75,5,1.0,0
287.4609333621884,1382,23,2.0,1
164.82415193384483,18,3,0.0,0
273.7003991456425,1322,23,2.0,1
158.96420985440733,53,5,0.0,0
201.16315146889536,345,11,1.0,0
194.97542926679898,23,3,1.0,0
194.73164429175645,175,8,1.0,0
124.27135970796091,92,7,0.0,0
155.90009860344333,44,4,0.0,0
100.67186210541027,29,4,0.0,0
249.14132536896693,1234,21,2.0,1
157.8562018503278,18,3,0.0,0
205.80512361350162,349,11,1.0,0
203.08272582447873,76,5,1.0,0
192.42099491233142,31,3,1.0,0
250.91817259507744,556,16,2.0,0
153.45510728439464,80,4,0.0,0
249.4851454409919,801,12,2.0,1
145.44101304444146,81,5,0.0,0
287.4788634840336,969,20,2.0,1
130.74172057243666,61,5,0.0,0
270.853132057364,1806,17,2.0,1
272.6672209987221,940,21,2.0,1
262.2650460859459,1781,14,2.0,1
249.74695181516435,1622,11,2.0,1
164.63790289048907,19,3,0.0,0
209.59031188292815,177,7,1.0,0
123.53063823187,89,7,0.0,0
123.54304058030425,64,6,0.0,0
138.37342147065175,28,3,0.0,0
283.7388633433578,819,20,2.0,1
240.16531666829002,689,17,1.0,0
239.87570366166972,744,18,1.0,1
123.58455168845471,28,3,0.0,0
229.02613674298894,178,7,1.0,0
182.63413164378454,182,8,0.0,0
188.93639556225443,29,3,1.0,0
248.19978804359593,1079,22,2.0,1
281.05202248743103,1932,21,2.0,1
232.7125240548476,722,18,1.0,1
154.7683215236586,80,5,0.0,0
227.29899989127523,344,12,1.0,0
189.98027509270042,74,6,1.0,0
147.14212490858168,27,3,0.0,0
154.28868381893602,79,5,0.0,0
226.18249444817732,368,11,1.0,0
164.32289587397722,18,3,0.0,0
220.13517135641223,83,5,1.0,0
168.1288626032396,43,4,0.0,0
250.91030895076764,595,14,2.0,0
157.96863128154988,19,3,0.0,0
154.57026838430323,79,5,0.0,0
152.27940648451087,101,5,0.0,0
229.37917584918233,936,25,1.0,1
163.99499367478555,27,4,0.0,0
161.01259300927393,60,6,0.0,0
161.9671933078383,18,3,0.0,0
203.96426043950945,73,4,1.0,0
174.84742165048627,78,5,0.0,0
244.17786223895942,797,11,2.0,1
89.53024493546194,100,6,0.0,0
239.25137792396637,351,11,1.0,0
127.71182397184467,109,5,0.0,0
275.27077578268273,823,20,2.0,1
163.23836437508237,15,3,0.0,0
161.2563669861222,31,4,0.0,0
128.13466428146018,38,6,0.0,0
250.4560630031555,1225,23,2.0,1
272.2897912033582,2052,18,2.0,1
122.77310019776431,98,6,0.0,0
203.73696979079563,501,15,1.0,0
122.04465577321082,31,3,0.0,0
166.10507835801434,57,5,0.0,0
261.0483618551181,1334,17,2.0,1
148.7951481926987,62,5,0.0,0
91.7084070843471,108,7,0.0,0
232.7359507557038,197,8,1.0,0
292.1380113158235,1939,23,2.0,1
91.06579981298069,100,6,0.0,0
159.19728087979624,20,3,0.0,0
158.77256594146314,19,3,0.0,0
256.257912850895,577,14,2.0,0
258.5031895184668,1218,24,2.0,1
181.7706597025946,66,6,0.0,0
250.91886285554267,593,14,2.0,0
123.75378782081783,64,6,0.0,0
284.00190708520694,1066,16,2.0,1
277.34636848978454,822,20,2.0,1
275.713550878904,1568,22,2.0,1
158.30318857284638,19,3,0.0,0
247.9125059568387,945,23,2.0,1
192.20525311896714,24,3,1.0,0
198.84908163697327,23,3,1.0,0
221.3802109470339,507,15,1.0,0
123.95179309022528,30,4,0.0,0
112.41303760425406,18,3,0.0,0
264.2669637707425,573,15,2.0,0
164.42840955889108,22,3,0.0,0
271.09175427192946,821,20,2.0,1
158.70164488575293,47,5,0.0,0
287.5349805368793,1193,19,2.0,1
280.0877379832859,977,24,2.0,1
189.51401859104323,78,5,1.0,0
282.15338265217554,1156,16,2.0,1
220.6614463606334,22,3,1.0,0
141.18718697485616,32,3,0.0,0
195.6475839061691,23,3,1.0,0
129.57991802093977,36,5,0.0,0
245.91124268945177,1632,9,2.0,1
175.9945452350287,78,5,0.0,0
128.88549256930247,22,3,0.0,0
236.95520491493966,339,11,1.0,0
255.30622345166628,1227,22,2.0,1
157.0550888563637,79,4,0.0,0
283.37463505230335,1258,19,2.0,1
156.58208324088122,27,3,0.0,0
175.47348342737578,81,5,0.0,0
143.11613782190733,30,3,0.0,0
252.69192880071313,892,20,2.0,1
262.8857982650606,566,14,2.0,0
289.3687553114038,1382,21,2.0,1
156.62491148432844,80,4,0.0,0
153.86628007547594,43,4,0.0,0
272.39781647019436,796,21,2.0,1
156.77507402730836,76,5,0.0,0
177.35914558666946,64,5,0.0,0
116.38008219827304,96,7,0.0,0
231.04166323128987,257,10,1.0,0
129.86054466853838,62,5,0.0,0
200.6698909935905,175,8,1.0,0
146.27936524723768,28,3,0.0,0
129.44993642267735,123,7,0.0,0
160.95587255524822,55,5,0.0,0
194.72815266972364,175,8,1.0,0
176.89222215485654,86,5,0.0,0
192.8847969590274,174,8,1.0,0
212.04835400963552,174,8,1.0,0
206.28134447016973,479,14,1.0,0
109.61853685380042,16,3,0.0,0
150.4460036026215,96,5,0.0,0
161.35473601323753,73,5,0.0,0
207.84997779742494,620,17,1.0,0
162.8637298191951,19,3,0.0,0
131.54686029720932,61,5,0.0,0
144.56448917839728,59,5,0.0,0
232.16889539261433,196,8,1.0,0
236.29424957863813,1053,21,1.0,1
254.57105743629964,568,16,2.0,0
150.4470750016778,63,5,0.0,0
124.10194472807075,63,6,0.0,0
218.44108983719897,458,14,1.0,0
135.757722386067,37,4,0.0,0
263.4192708080493,565,14,2.0,0
158.03178959468082,30,4,0.0,0
201.42066148131457,26,3,1.0,0
154.66062878140258,43,4,0.0,0
249.9319907494837,889,21,2.0,1
237.5281579725617,724,17,1.0,1
143.2453731532043,56,5,0.0,0
128.35165835602518,57,6,0.0,0
273.05244168806075,978,19,2.0,1
157.90893073396677,43,5,0.0,0
206.0946040199604,74,5,1.0,0
185.48002328411815,98,6,1.0,0
286.30512033092964,1387,24,2.0,1
192.48474583003014,577,14,1.0,0
123.75143247329623,16,3,0.0,0
266.95088574889525,559,14,2.0,0
243.41267017450764,347,11,2.0,0
156.09305209520747,24,3,0.0,0
275.7527312401678,640,15,2.0,0
255.42535015890675,1033,21,2.0,1
232.22175666545112,359,11,1.0,0
154.0117365643665,79,5,0.0,0
159.1015290046638,53,5,0.0,0
155.31341901036328,253,10,0.0,0
216.56095208415513,475,14,1.0,0
217.91378848115028,74,4,1.0,0
146.02254643664023,74,6,0.0,0
210.83801914087923,182,7,1.0,0
192.3112915545008,32,3,1.0,0
289.0948960296514,1297,18,2.0,1
169.71704807188533,77,5,0.0,0
224.9901902367446,93,6,1.0,0
270.90400996493486,571,17,2.0,0
183.01947114239277,210,9,0.0,0
207.88503423402722,521,15,1.0,0
143.70124187101766,56,5,0.0,0
233.53194379274314,188,8,1.0,0
236.89968659270878,729,19,1.0,1
252.84009452228057,881,20,2.0,1
129.4315627159759,36,5,0.0,0
275.65620925884855,1209,22,2.0,1
279.4889137611146,1575,22,2.0,1
203.13966384055382,180,8,1.0,0
211.14248208424814,23,3,1.0,0
153.98212140534338,75,5,0.0,0
218.56935990563775,581,14,1.0,0
273.5758819524709,1160,20,2.0,1
124.5536201957151,92,7,0.0,0
156.28445828577125,24,3,0.0,0
250.9422244262611,587,14,2.0,0
267.00808820564185,1795,16,2.0,1
267.17286984431365,1211,24,2.0,1
159.13877019330408,77,4,0.0,0
122.67079113849067,65,6,0.0,0
249.63553692959698,1230,21,2.0,1
226.78655084270446,693,16,1.0,0
253.83045351673496,1230,21,2.0,1
117.836807096587,49,4,0.0,0
189.4181675006526,71,6,1.0,0
152.40255836378049,37,5,0.0,0
125.26242598172468,57,5,0.0,0
198.3537886325411,178,8,1.0,0
153.87276569435676,80,6,0.0,0
242.1184242265422,757,20,1.0,1
222.88334682264403,62,5,1.0,0
194.61732344030207,185,8,1.0,0
269.49376499635855,1838,24,2.0,1
193.3518362605028,174,8,1.0,0
218.6642901584721,436,13,1.0,0
169.4585291118051,29,3,0.0,0
125.6284629029317,35,4,0.0,0
269.6361675003081,925,20,2.0,1
280.31981889949714,1942,21,2.0,1
265.1831802339311,431,14,2.0,0
208.46521912210477,79,5,1.0,0
271.72872924611545,2045,18,2.0,1
252.47731967631594,585,14,2.0,0
253.73737403561242,463,14,2.0,0
223.4536266423618,368,11,1.0,0
162.53220452600684,55,5,0.0,0
159.9688394318411,30,3,0.0,0
